Date,Visitor,G,Home,G,,Att.,LOG,Notes
2021-10-12,Pittsburgh Penguins,6,Tampa Bay Lightning,2,,19092,2:33,
2021-10-12,Seattle Kraken,3,Vegas Golden Knights,4,,18431,2:25,
2021-10-13,Winnipeg Jets,1,Anaheim Ducks,4,,16260,2:29,
2021-10-13,Chicago Blackhawks,2,Colorado Avalanche,4,,18037,2:32,
2021-10-13,Vancouver Canucks,2,Edmonton Oilers,3,SO,16034,2:42,
2021-10-13,Montreal Canadiens,1,Toronto Maple Leafs,2,,18493,2:33,
2021-10-13,New York Rangers,1,Washington Capitals,5,,18573,2:29,
2021-10-14,Montreal Canadiens,1,Buffalo Sabres,5,,8467,2:26,
2021-10-14,New York Islanders,3,Carolina Hurricanes,6,,18680,2:46,
2021-10-14,Arizona Coyotes,2,Columbus Blue Jackets,8,,17813,2:30,
2021-10-14,Tampa Bay Lightning,7,Detroit Red Wings,6,OT,19515,2:50,
2021-10-14,Pittsburgh Penguins,4,Florida Panthers,5,OT,14308,2:40,
2021-10-14,Vegas Golden Knights,2,Los Angeles Kings,6,,16589,2:32,
2021-10-14,Seattle Kraken,4,Nashville Predators,3,,17159,2:36,
2021-10-14,Dallas Stars,3,New York Rangers,2,OT,17173,2:32,
2021-10-14,Toronto Maple Leafs,2,Ottawa Senators,3,,15159,2:26,
2021-10-15,Minnesota Wild,2,Anaheim Ducks,1,,11938,2:37,
2021-10-15,Chicago Blackhawks,3,New Jersey Devils,4,OT,16514,2:28,
2021-10-15,Vancouver Canucks,5,Philadelphia Flyers,4,SO,19338,2:42,
2021-10-16,Dallas Stars,1,Boston Bruins,3,,17850,2:36,
2021-10-16,Arizona Coyotes,1,Buffalo Sabres,2,SO,7872,2:28,
2021-10-16,Seattle Kraken,1,Columbus Blue Jackets,2,OT,17593,2:25,
2021-10-16,St. Louis Blues,5,Colorado Avalanche,3,,18022,2:32,
2021-10-16,Vancouver Canucks,1,Detroit Red Wings,3,,16274,2:36,
2021-10-16,Calgary Flames,2,Edmonton Oilers,5,,17745,2:36,
2021-10-16,New York Islanders,1,Florida Panthers,5,,12936,2:34,
2021-10-16,Minnesota Wild,3,Los Angeles Kings,2,,12590,2:26,
2021-10-16,New York Rangers,3,Montreal Canadiens,1,,21105,2:30,
2021-10-16,Carolina Hurricanes,3,Nashville Predators,2,,17162,2:35,
2021-10-16,Chicago Blackhawks,2,Pittsburgh Penguins,5,,18420,2:15,
2021-10-16,Winnipeg Jets,3,San Jose Sharks,4,,16137,2:25,
2021-10-16,Ottawa Senators,1,Toronto Maple Leafs,3,,18211,2:29,
2021-10-16,Tampa Bay Lightning,2,Washington Capitals,1,OT,18573,2:43,
2021-10-17,Dallas Stars,2,Ottawa Senators,3,,8067,2:27,
2021-10-18,St. Louis Blues,7,Arizona Coyotes,4,,15235,2:27,
2021-10-18,Anaheim Ducks,3,Calgary Flames,2,OT,15174,2:26,
2021-10-18,Seattle Kraken,1,Philadelphia Flyers,6,,17727,2:30,
2021-10-18,New York Rangers,2,Toronto Maple Leafs,1,OT,18098,2:28,
2021-10-19,Vancouver Canucks,2,Buffalo Sabres,5,,7376,2:17,
2021-10-19,New York Islanders,4,Chicago Blackhawks,1,,20279,2:26,
2021-10-19,Columbus Blue Jackets,1,Detroit Red Wings,4,,14165,2:28,
2021-10-19,Anaheim Ducks,5,Edmonton Oilers,6,,14082,2:33,
2021-10-19,Winnipeg Jets,5,Minnesota Wild,6,OT,18156,2:51,
2021-10-19,San Jose Sharks,5,Montreal Canadiens,0,,16095,2:19,
2021-10-19,Seattle Kraken,2,New Jersey Devils,4,,13806,2:44,
2021-10-19,Los Angeles Kings,1,Nashville Predators,2,,17159,2:26,
2021-10-19,Dallas Stars,2,Pittsburgh Penguins,1,SO,16450,2:28,
2021-10-19,Florida Panthers,4,Tampa Bay Lightning,1,,19092,2:29,
2021-10-19,Colorado Avalanche,3,Washington Capitals,6,,18573,2:32,
2021-10-20,Boston Bruins,3,Philadelphia Flyers,6,,15310,2:26,
2021-10-20,St. Louis Blues,3,Vegas Golden Knights,1,,17690,2:26,
2021-10-21,Edmonton Oilers,5,Arizona Coyotes,1,,9748,2:25,
2021-10-21,New York Islanders,2,Columbus Blue Jackets,3,OT,12937,2:20,
2021-10-21,Vancouver Canucks,4,Chicago Blackhawks,1,,20490,2:27,
2021-10-21,Calgary Flames,3,Detroit Red Wings,0,,14241,2:17,
2021-10-21,Colorado Avalanche,1,Florida Panthers,4,,11245,2:34,
2021-10-21,Carolina Hurricanes,4,Montreal Canadiens,1,,19174,2:29,
2021-10-21,Washington Capitals,4,New Jersey Devils,1,,12377,2:21,
2021-10-21,New York Rangers,3,Nashville Predators,1,,17159,2:41,
2021-10-21,San Jose Sharks,2,Ottawa Senators,1,,8994,2:28,
2021-10-21,Anaheim Ducks,1,Winnipeg Jets,5,,13886,2:20,
2021-10-22,Boston Bruins,4,Buffalo Sabres,1,,7820,2:16,
2021-10-22,Los Angeles Kings,2,Dallas Stars,3,OT,18532,2:27,
2021-10-22,San Jose Sharks,5,Toronto Maple Leafs,3,,18603,2:27,
2021-10-22,Edmonton Oilers,5,Vegas Golden Knights,3,,17978,2:33,
2021-10-23,New York Islanders,3,Arizona Coyotes,0,,11690,2:26,
2021-10-23,Carolina Hurricanes,5,Columbus Blue Jackets,1,,14386,2:22,
2021-10-23,Anaheim Ducks,3,Minnesota Wild,4,OT,18055,2:41,
2021-10-23,Detroit Red Wings,1,Montreal Canadiens,6,,19706,2:21,
2021-10-23,Buffalo Sabres,1,New Jersey Devils,2,OT,13158,2:29,
2021-10-23,New York Rangers,3,Ottawa Senators,2,,11167,2:26,
2021-10-23,Florida Panthers,4,Philadelphia Flyers,2,,16936,2:31,
2021-10-23,Toronto Maple Leafs,1,Pittsburgh Penguins,7,,15397,2:29,
2021-10-23,Vancouver Canucks,4,Seattle Kraken,2,,17151,2:32,
2021-10-23,Los Angeles Kings,3,St. Louis Blues,7,,18096,2:30,
2021-10-23,Colorado Avalanche,4,Tampa Bay Lightning,3,SO,19092,3:04,
2021-10-23,Nashville Predators,4,Winnipeg Jets,6,,14020,2:34,
2021-10-23,Calgary Flames,4,Washington Capitals,3,OT,18573,2:31,
2021-10-24,San Jose Sharks,3,Boston Bruins,4,,17850,2:32,
2021-10-24,Detroit Red Wings,6,Chicago Blackhawks,3,,19042,2:34,
2021-10-24,Nashville Predators,5,Minnesota Wild,2,,16014,2:38,
2021-10-24,New York Islanders,2,Vegas Golden Knights,0,,17699,2:24,
2021-10-25,Tampa Bay Lightning,1,Buffalo Sabres,5,,7417,2:25,
2021-10-25,Toronto Maple Leafs,1,Carolina Hurricanes,4,,14011,2:25,
2021-10-25,Dallas Stars,1,Columbus Blue Jackets,4,,12629,2:24,
2021-10-25,Arizona Coyotes,3,Florida Panthers,5,,13943,2:27,
2021-10-25,Calgary Flames,5,New York Rangers,1,,13590,2:23,
2021-10-25,Washington Capitals,7,Ottawa Senators,5,,11387,2:42,
2021-10-25,Los Angeles Kings,0,St. Louis Blues,3,,16655,2:26,
2021-10-26,Winnipeg Jets,4,Anaheim Ducks,3,,11951,2:24,
2021-10-26,Vegas Golden Knights,3,Colorado Avalanche,1,,17724,2:32,
2021-10-26,Calgary Flames,5,New Jersey Devils,3,,10631,2:33,
2021-10-26,San Jose Sharks,1,Nashville Predators,3,,16395,2:27,
2021-10-26,Tampa Bay Lightning,5,Pittsburgh Penguins,1,,15732,2:28,
2021-10-26,Montreal Canadiens,1,Seattle Kraken,5,,17151,2:20,
2021-10-26,Minnesota Wild,3,Vancouver Canucks,2,,18870,2:28,
2021-10-27,Toronto Maple Leafs,3,Chicago Blackhawks,2,OT,18616,2:29,
2021-10-27,Vegas Golden Knights,3,Dallas Stars,2,OT,18114,2:27,
2021-10-27,Philadelphia Flyers,5,Edmonton Oilers,3,,14328,2:24,
2021-10-27,Boston Bruins,1,Florida Panthers,4,,12306,2:26,
2021-10-27,Detroit Red Wings,3,Washington Capitals,2,OT,18573,2:24,
2021-10-28,Buffalo Sabres,4,Anaheim Ducks,3,OT,12014,2:25,
2021-10-28,Boston Bruins,0,Carolina Hurricanes,3,,16093,2:31,
2021-10-28,Winnipeg Jets,3,Los Angeles Kings,2,,11207,2:16,
2021-10-28,Calgary Flames,4,Pittsburgh Penguins,0,,17743,2:23,
2021-10-28,Minnesota Wild,1,Seattle Kraken,4,,17151,2:29,
2021-10-28,Montreal Canadiens,4,San Jose Sharks,0,,11463,2:23,
2021-10-28,Colorado Avalanche,4,St. Louis Blues,3,,16558,2:43,
2021-10-28,Arizona Coyotes,1,Tampa Bay Lightning,5,,19092,2:35,
2021-10-28,Philadelphia Flyers,2,Vancouver Canucks,1,,18344,2:19,
2021-10-29,Chicago Blackhawks,3,Carolina Hurricanes,6,,16434,2:30,
2021-10-29,Ottawa Senators,4,Dallas Stars,1,,17346,2:28,
2021-10-29,Florida Panthers,3,Detroit Red Wings,2,OT,15593,2:28,
2021-10-29,Columbus Blue Jackets,0,New York Rangers,4,,14532,2:24,
2021-10-29,Anaheim Ducks,4,Vegas Golden Knights,5,SO,18029,2:45,
2021-10-29,Arizona Coyotes,0,Washington Capitals,2,,18573,2:18,
2021-10-30,Florida Panthers,2,Boston Bruins,3,SO,17850,2:33,
2021-10-30,Philadelphia Flyers,0,Calgary Flames,4,,15319,2:29,
2021-10-30,Minnesota Wild,1,Colorado Avalanche,4,,17708,2:33,
2021-10-30,Montreal Canadiens,2,Los Angeles Kings,5,,12785,2:27,
2021-10-30,New York Islanders,2,Nashville Predators,3,SO,17159,2:43,
2021-10-30,New Jersey Devils,4,Pittsburgh Penguins,2,,17452,2:28,
2021-10-30,Winnipeg Jets,1,San Jose Sharks,2,OT,11845,2:22,
2021-10-30,Chicago Blackhawks,0,St. Louis Blues,1,,16856,2:24,
2021-10-30,Detroit Red Wings,4,Toronto Maple Leafs,5,,18921,2:23,
2021-10-30,Edmonton Oilers,2,Vancouver Canucks,1,,18422,2:22,
2021-10-31,Montreal Canadiens,2,Anaheim Ducks,4,,11652,2:23,
2021-10-31,Arizona Coyotes,1,Carolina Hurricanes,2,,14343,2:28,
2021-10-31,Buffalo Sabres,2,Los Angeles Kings,3,,12101,2:19,
2021-10-31,Columbus Blue Jackets,4,New Jersey Devils,3,SO,10239,2:36,
2021-10-31,New York Rangers,3,Seattle Kraken,1,,17151,2:26,
2021-11-01,Ottawa Senators,1,Chicago Blackhawks,5,,15946,2:18,
2021-11-01,Seattle Kraken,2,Edmonton Oilers,5,,15860,2:18,
2021-11-01,Washington Capitals,2,Tampa Bay Lightning,3,,19092,2:28,
2021-11-02,New Jersey Devils,0,Anaheim Ducks,4,,13252,2:27,
2021-11-02,Nashville Predators,3,Calgary Flames,2,OT,14324,2:28,
2021-11-02,Ottawa Senators,4,Minnesota Wild,5,OT,15276,2:43,
2021-11-02,Detroit Red Wings,0,Montreal Canadiens,3,,19547,2:23,
2021-11-02,Arizona Coyotes,0,Philadelphia Flyers,3,,16057,2:24,
2021-11-02,Buffalo Sabres,3,San Jose Sharks,5,,10059,2:19,
2021-11-02,Vegas Golden Knights,0,Toronto Maple Leafs,4,,18689,2:20,
2021-11-02,New York Rangers,2,Vancouver Canucks,3,OT,18257,2:22,
2021-11-02,Dallas Stars,3,Winnipeg Jets,4,SO,13174,2:46,
2021-11-03,Carolina Hurricanes,4,Chicago Blackhawks,3,,16449,2:23,
2021-11-03,Columbus Blue Jackets,5,Colorado Avalanche,4,OT,16634,2:29,
2021-11-03,Nashville Predators,2,Edmonton Oilers,5,,14414,2:28,
2021-11-03,St. Louis Blues,2,Los Angeles Kings,3,SO,11756,2:41,
2021-11-04,Detroit Red Wings,1,Boston Bruins,5,,17850,2:29,
2021-11-04,Dallas Stars,4,Calgary Flames,3,OT,14715,2:34,
2021-11-04,Washington Capitals,4,Florida Panthers,5,OT,12542,2:33,
2021-11-04,New York Islanders,6,Montreal Canadiens,2,,19924,2:28,
2021-11-04,Vegas Golden Knights,5,Ottawa Senators,1,,13211,2:19,
2021-11-04,Philadelphia Flyers,2,Pittsburgh Penguins,3,OT,17037,2:31,
2021-11-04,Buffalo Sabres,2,Seattle Kraken,5,,17151,2:30,
2021-11-04,St. Louis Blues,5,San Jose Sharks,3,,11816,2:23,
2021-11-04,Tampa Bay Lightning,1,Toronto Maple Leafs,2,OT,18937,2:31,
2021-11-05,Arizona Coyotes,1,Anaheim Ducks,3,,12148,2:29,
2021-11-05,New York Rangers,5,Edmonton Oilers,6,OT,17404,2:30,
2021-11-05,New Jersey Devils,2,Los Angeles Kings,3,OT,16045,2:30,
2021-11-05,Nashville Predators,3,Vancouver Canucks,2,,18870,2:27,
2021-11-05,Chicago Blackhawks,1,Winnipeg Jets,5,,13756,2:21,
2021-11-06,Seattle Kraken,4,Arizona Coyotes,5,,15045,2:26,
2021-11-06,Detroit Red Wings,4,Buffalo Sabres,3,OT,8171,2:25,
2021-11-06,Colorado Avalanche,2,Columbus Blue Jackets,4,,16494,2:23,
2021-11-06,New York Rangers,0,Calgary Flames,6,,15879,2:25,
2021-11-06,Carolina Hurricanes,2,Florida Panthers,5,,13835,2:31,
2021-11-06,Vegas Golden Knights,5,Montreal Canadiens,2,,20156,2:31,
2021-11-06,Tampa Bay Lightning,5,Ottawa Senators,3,,12417,2:30,
2021-11-06,Minnesota Wild,5,Pittsburgh Penguins,4,SO,17181,2:46,
2021-11-06,New Jersey Devils,3,San Jose Sharks,2,SO,12019,2:33,
2021-11-06,Boston Bruins,2,Toronto Maple Leafs,5,,19077,2:30,
2021-11-06,New York Islanders,2,Winnipeg Jets,0,,13424,2:22,
2021-11-06,Philadelphia Flyers,2,Washington Capitals,1,,18573,2:23,
2021-11-07,St. Louis Blues,1,Anaheim Ducks,4,,12056,2:29,
2021-11-07,Nashville Predators,1,Chicago Blackhawks,2,OT,16891,2:19,
2021-11-07,Vegas Golden Knights,2,Detroit Red Wings,5,,16598,2:24,
2021-11-07,New York Islanders,2,Minnesota Wild,5,,15547,2:17,
2021-11-07,Dallas Stars,3,Vancouver Canucks,6,,18661,2:25,
2021-11-08,Florida Panthers,3,New York Rangers,4,,14877,2:29,
2021-11-08,Los Angeles Kings,5,Toronto Maple Leafs,1,,18983,2:28,
2021-11-08,Buffalo Sabres,3,Washington Capitals,5,,18573,2:24,
2021-11-09,Ottawa Senators,2,Boston Bruins,3,,17850,2:35,
2021-11-09,San Jose Sharks,4,Calgary Flames,1,,14960,2:31,
2021-11-09,Pittsburgh Penguins,2,Chicago Blackhawks,3,SO,17736,2:41,
2021-11-09,Edmonton Oilers,2,Detroit Red Wings,4,,16953,2:25,
2021-11-09,Los Angeles Kings,3,Montreal Canadiens,2,OT,20042,2:41,
2021-11-09,Florida Panthers,3,New Jersey Devils,7,,10627,2:27,
2021-11-09,Carolina Hurricanes,2,Tampa Bay Lightning,1,OT,19092,2:37,
2021-11-09,Anaheim Ducks,3,Vancouver Canucks,2,OT,18201,2:27,
2021-11-09,Seattle Kraken,2,Vegas Golden Knights,4,,18246,2:26,
2021-11-09,St. Louis Blues,3,Winnipeg Jets,2,SO,14004,2:34,
2021-11-10,Minnesota Wild,5,Arizona Coyotes,2,,13488,2:23,
2021-11-10,Nashville Predators,4,Dallas Stars,2,,17560,2:22,
2021-11-10,Toronto Maple Leafs,3,Philadelphia Flyers,0,,17997,2:33,
2021-11-11,Edmonton Oilers,5,Boston Bruins,3,,17850,2:25,
2021-11-11,Vancouver Canucks,1,Colorado Avalanche,7,,17226,2:23,
2021-11-11,Washington Capitals,2,Detroit Red Wings,0,,16812,2:25,
2021-11-11,Calgary Flames,2,Montreal Canadiens,4,,20399,2:27,
2021-11-11,New York Islanders,0,New Jersey Devils,4,,13816,2:24,
2021-11-11,Los Angeles Kings,2,Ottawa Senators,0,,8221,2:22,
2021-11-11,Florida Panthers,2,Pittsburgh Penguins,3,SO,17194,2:39,
2021-11-11,Anaheim Ducks,7,Seattle Kraken,4,,17151,2:26,
2021-11-11,Nashville Predators,4,St. Louis Blues,3,OT,18096,2:31,
2021-11-11,Minnesota Wild,2,Vegas Golden Knights,3,,18267,2:26,
2021-11-11,San Jose Sharks,1,Winnipeg Jets,4,,14229,2:20,
2021-11-12,Edmonton Oilers,2,Buffalo Sabres,3,,8258,2:34,
2021-11-12,Philadelphia Flyers,2,Carolina Hurricanes,1,,18680,2:36,
2021-11-12,Washington Capitals,4,Columbus Blue Jackets,3,,16985,2:24,
2021-11-12,Arizona Coyotes,1,Chicago Blackhawks,2,,17828,2:32,
2021-11-12,Calgary Flames,1,Toronto Maple Leafs,2,OT,18826,2:29,
2021-11-13,Toronto Maple Leafs,5,Buffalo Sabres,4,,7992,2:21,
2021-11-13,St. Louis Blues,2,Carolina Hurricanes,3,,18680,2:22,
2021-11-13,New York Rangers,5,Columbus Blue Jackets,3,,15539,2:29,
2021-11-13,San Jose Sharks,2,Colorado Avalanche,6,,18015,2:28,
2021-11-13,Philadelphia Flyers,2,Dallas Stars,5,,18532,2:31,
2021-11-13,Montreal Canadiens,2,Detroit Red Wings,3,OT,18076,2:39,
2021-11-13,Boston Bruins,5,New Jersey Devils,2,,16514,2:30,
2021-11-13,Arizona Coyotes,1,Nashville Predators,4,,17159,2:29,
2021-11-13,Pittsburgh Penguins,3,Ottawa Senators,6,,14661,2:22,
2021-11-13,Minnesota Wild,4,Seattle Kraken,2,,17151,2:26,
2021-11-13,Florida Panthers,2,Tampa Bay Lightning,3,OT,19092,2:40,
2021-11-13,Vancouver Canucks,4,Vegas Golden Knights,7,,18264,2:36,
2021-11-13,Los Angeles Kings,2,Winnipeg Jets,3,OT,13776,2:17,
2021-11-14,Vancouver Canucks,1,Anaheim Ducks,5,,11892,2:21,
2021-11-14,Montreal Canadiens,2,Boston Bruins,5,,17850,2:29,
2021-11-14,New Jersey Devils,3,New York Rangers,4,SO,16130,2:53,
2021-11-14,Calgary Flames,4,Ottawa Senators,0,,10244,2:27,
2021-11-14,Edmonton Oilers,5,St. Louis Blues,4,,18096,2:32,
2021-11-14,Pittsburgh Penguins,1,Washington Capitals,6,,18573,2:21,
2021-11-15,Detroit Red Wings,3,Columbus Blue Jackets,5,,15293,2:23,
2021-11-15,New York Islanders,1,Tampa Bay Lightning,4,,19092,2:35,
2021-11-16,Washington Capitals,2,Anaheim Ducks,3,OT,13456,2:30,
2021-11-16,Detroit Red Wings,2,Dallas Stars,5,,17764,2:24,
2021-11-16,New York Islanders,1,Florida Panthers,6,,14003,2:24,
2021-11-16,San Jose Sharks,4,Minnesota Wild,1,,15367,2:23,
2021-11-16,Montreal Canadiens,2,New York Rangers,3,,15255,2:26,
2021-11-16,Calgary Flames,1,Philadelphia Flyers,2,OT,16278,2:41,
2021-11-16,Buffalo Sabres,2,Pittsburgh Penguins,1,,16366,2:30,
2021-11-16,Arizona Coyotes,3,St. Louis Blues,2,,16738,2:26,
2021-11-16,Nashville Predators,0,Toronto Maple Leafs,3,,18949,2:27,
2021-11-16,Carolina Hurricanes,4,Vegas Golden Knights,2,,17737,2:34,
2021-11-16,Edmonton Oilers,2,Winnipeg Jets,5,,13473,2:28,
2021-11-17,Washington Capitals,2,Los Angeles Kings,0,,14694,2:31,
2021-11-17,Chicago Blackhawks,4,Seattle Kraken,2,,17151,2:22,
2021-11-17,Colorado Avalanche,4,Vancouver Canucks,2,,18361,2:34,
2021-11-18,Carolina Hurricanes,2,Anaheim Ducks,1,,12379,2:27,
2021-11-18,Columbus Blue Jackets,5,Arizona Coyotes,4,SO,7865,2:39,
2021-11-18,Calgary Flames,5,Buffalo Sabres,0,,7753,2:16,
2021-11-18,Winnipeg Jets,1,Edmonton Oilers,2,SO,15273,2:42,
2021-11-18,New Jersey Devils,1,Florida Panthers,4,,12157,2:22,
2021-11-18,Dallas Stars,2,Minnesota Wild,7,,17088,2:32,
2021-11-18,Pittsburgh Penguins,6,Montreal Canadiens,0,,20712,2:12,
2021-11-18,Tampa Bay Lightning,4,Philadelphia Flyers,3,SO,18243,2:36,
2021-11-18,San Jose Sharks,1,St. Louis Blues,4,,16953,2:27,
2021-11-18,New York Rangers,1,Toronto Maple Leafs,2,,19029,2:18,
2021-11-18,Detroit Red Wings,2,Vegas Golden Knights,5,,18002,2:20,
2021-11-19,Colorado Avalanche,7,Seattle Kraken,3,,17151,2:35,
2021-11-19,Winnipeg Jets,2,Vancouver Canucks,3,,18628,2:22,
2021-11-20,Detroit Red Wings,1,Arizona Coyotes,2,OT,12906,2:20,
2021-11-20,St. Louis Blues,1,Dallas Stars,4,,18532,2:30,
2021-11-20,Chicago Blackhawks,2,Edmonton Oilers,5,,18347,2:21,
2021-11-20,Minnesota Wild,4,Florida Panthers,5,,13854,2:32,
2021-11-20,Carolina Hurricanes,5,Los Angeles Kings,4,,15744,2:18,
2021-11-20,Nashville Predators,3,Montreal Canadiens,6,,20522,2:43,
2021-11-20,Calgary Flames,5,New York Islanders,2,,17255,2:24,
2021-11-20,Boston Bruins,5,Philadelphia Flyers,2,,19644,2:32,
2021-11-20,Washington Capitals,4,San Jose Sharks,0,,16527,2:25,
2021-11-20,New Jersey Devils,5,Tampa Bay Lightning,3,,19092,2:37,
2021-11-20,Pittsburgh Penguins,2,Toronto Maple Leafs,0,,19531,2:17,
2021-11-20,Columbus Blue Jackets,2,Vegas Golden Knights,3,,18313,2:35,
2021-11-21,Calgary Flames,4,Boston Bruins,0,,17850,2:28,
2021-11-21,Arizona Coyotes,2,Los Angeles Kings,1,OT,13474,2:24,
2021-11-21,Toronto Maple Leafs,3,New York Islanders,0,,17255,2:19,
2021-11-21,Buffalo Sabres,4,New York Rangers,5,,17256,2:21,
2021-11-21,Washington Capitals,2,Seattle Kraken,5,,17151,2:36,
2021-11-21,Minnesota Wild,4,Tampa Bay Lightning,5,SO,19092,2:51,
2021-11-21,Chicago Blackhawks,1,Vancouver Canucks,0,,18830,2:21,
2021-11-22,Columbus Blue Jackets,7,Buffalo Sabres,4,,7978,2:22,
2021-11-22,Ottawa Senators,5,Colorado Avalanche,7,,16706,2:36,
2021-11-22,Anaheim Ducks,2,Nashville Predators,3,,17159,2:32,
2021-11-22,Carolina Hurricanes,1,San Jose Sharks,2,OT,10970,2:20,
2021-11-22,Vegas Golden Knights,2,St. Louis Blues,5,,18096,2:26,
2021-11-22,Pittsburgh Penguins,3,Winnipeg Jets,1,,13570,2:19,
2021-11-23,Chicago Blackhawks,2,Calgary Flames,5,,15464,2:20,
2021-11-23,Edmonton Oilers,1,Dallas Stars,4,,18532,2:31,
2021-11-23,Philadelphia Flyers,0,Tampa Bay Lightning,4,,19092,2:30,
2021-11-24,Edmonton Oilers,5,Arizona Coyotes,3,,12845,2:32,
2021-11-24,Boston Bruins,5,Buffalo Sabres,1,,9416,2:23,
2021-11-24,Winnipeg Jets,0,Columbus Blue Jackets,3,,15733,2:27,
2021-11-24,Anaheim Ducks,2,Colorado Avalanche,5,,16343,2:36,
2021-11-24,St. Louis Blues,2,Detroit Red Wings,4,,18591,2:24,
2021-11-24,Philadelphia Flyers,1,Florida Panthers,2,OT,15545,2:31,
2021-11-24,Toronto Maple Leafs,6,Los Angeles Kings,2,,15166,2:21,
2021-11-24,Minnesota Wild,3,New Jersey Devils,2,SO,14763,2:32,
2021-11-24,Vegas Golden Knights,5,Nashville Predators,2,,17174,2:37,
2021-11-24,New York Rangers,4,New York Islanders,1,,17255,2:30,
2021-11-24,Vancouver Canucks,1,Pittsburgh Penguins,4,,17590,2:24,
2021-11-24,Carolina Hurricanes,1,Seattle Kraken,2,,17151,2:30,
2021-11-24,Ottawa Senators,3,San Jose Sharks,6,,10076,2:31,
2021-11-24,Montreal Canadiens,3,Washington Capitals,6,,18573,2:29,
2021-11-26,Ottawa Senators,0,Anaheim Ducks,4,,14687,2:21,
2021-11-26,New York Rangers,5,Boston Bruins,2,,17850,2:34,
2021-11-26,Montreal Canadiens,1,Buffalo Sabres,4,,9958,2:20,
2021-11-26,Vancouver Canucks,2,Columbus Blue Jackets,4,,16992,2:20,
2021-11-26,St. Louis Blues,2,Chicago Blackhawks,3,OT,19681,2:25,
2021-11-26,Colorado Avalanche,1,Dallas Stars,3,,18532,2:23,
2021-11-26,Winnipeg Jets,1,Minnesota Wild,7,,19113,2:21,
2021-11-26,New Jersey Devils,2,Nashville Predators,4,,17159,2:25,
2021-11-26,Pittsburgh Penguins,1,New York Islanders,0,,17255,2:21,
2021-11-26,Carolina Hurricanes,6,Philadelphia Flyers,3,,18959,2:31,
2021-11-26,Toronto Maple Leafs,4,San Jose Sharks,1,,14068,2:17,
2021-11-26,Seattle Kraken,0,Tampa Bay Lightning,3,,19092,2:13,
2021-11-26,Florida Panthers,3,Washington Capitals,4,,18573,2:35,
2021-11-27,Dallas Stars,3,Arizona Coyotes,2,,10839,2:26,
2021-11-27,Winnipeg Jets,4,Calgary Flames,2,,17036,2:24,
2021-11-27,Nashville Predators,2,Colorado Avalanche,6,,17050,2:38,
2021-11-27,Buffalo Sabres,2,Detroit Red Wings,3,OT,18050,2:27,
2021-11-27,Seattle Kraken,4,Florida Panthers,1,,15305,2:18,
2021-11-27,Ottawa Senators,2,Los Angeles Kings,4,,15406,2:30,
2021-11-27,Montreal Canadiens,6,Pittsburgh Penguins,3,,17985,2:34,
2021-11-27,Columbus Blue Jackets,3,St. Louis Blues,6,,18096,2:23,
2021-11-27,Edmonton Oilers,3,Vegas Golden Knights,2,,18381,2:26,
2021-11-28,Toronto Maple Leafs,5,Anaheim Ducks,1,,13664,2:18,
2021-11-28,Vancouver Canucks,2,Boston Bruins,3,,17850,2:35,
2021-11-28,Washington Capitals,4,Carolina Hurricanes,2,,18815,2:35,
2021-11-28,San Jose Sharks,2,Chicago Blackhawks,0,,17663,2:15,
2021-11-28,Tampa Bay Lightning,2,Minnesota Wild,4,,17785,2:24,
2021-11-28,Philadelphia Flyers,2,New Jersey Devils,5,,13113,2:25,
2021-11-29,Seattle Kraken,7,Buffalo Sabres,4,,10004,2:26,
2021-11-29,Pittsburgh Penguins,1,Calgary Flames,2,SO,15343,2:43,
2021-11-29,Vancouver Canucks,2,Montreal Canadiens,1,,20478,2:25,
2021-11-29,Arizona Coyotes,1,Winnipeg Jets,0,,14129,2:19,
2021-11-30,Detroit Red Wings,2,Boston Bruins,1,,17850,2:33,
2021-11-30,Carolina Hurricanes,1,Dallas Stars,4,,17345,2:31,
2021-11-30,Washington Capitals,4,Florida Panthers,5,,12365,2:37,
2021-11-30,Anaheim Ducks,5,Los Angeles Kings,4,SO,15276,2:39,
2021-11-30,Arizona Coyotes,2,Minnesota Wild,5,,16239,2:28,
2021-11-30,San Jose Sharks,5,New Jersey Devils,2,,13492,2:22,
2021-11-30,Columbus Blue Jackets,0,Nashville Predators,6,,16874,2:37,
2021-11-30,Tampa Bay Lightning,3,St. Louis Blues,4,SO,16605,2:41,
2021-12-01,Vegas Golden Knights,5,Anaheim Ducks,6,,11902,2:39,
2021-12-01,Seattle Kraken,3,Detroit Red Wings,4,SO,18963,2:38,
2021-12-01,Pittsburgh Penguins,2,Edmonton Oilers,5,,17130,2:29,
2021-12-01,Philadelphia Flyers,1,New York Rangers,4,,15687,2:26,
2021-12-01,Vancouver Canucks,6,Ottawa Senators,2,,10571,2:28,
2021-12-01,Colorado Avalanche,3,Toronto Maple Leafs,8,,18931,2:30,
2021-12-02,Ottawa Senators,3,Carolina Hurricanes,2,,14915,2:38,
2021-12-02,Columbus Blue Jackets,2,Dallas Stars,3,,17098,2:27,
2021-12-02,Buffalo Sabres,4,Florida Panthers,7,,11751,2:28,
2021-12-02,Calgary Flames,3,Los Angeles Kings,2,,13241,2:24,
2021-12-02,New Jersey Devils,2,Minnesota Wild,5,,16112,2:29,
2021-12-02,Colorado Avalanche,4,Montreal Canadiens,1,,20092,2:32,
2021-12-02,Boston Bruins,2,Nashville Predators,0,,17159,2:41,
2021-12-02,San Jose Sharks,2,New York Islanders,1,OT,17255,2:19,
2021-12-02,St. Louis Blues,2,Tampa Bay Lightning,4,,19092,2:27,
2021-12-02,Chicago Blackhawks,4,Washington Capitals,3,SO,18573,2:40,
2021-12-03,Calgary Flames,4,Anaheim Ducks,3,SO,12427,2:38,
2021-12-03,Vegas Golden Knights,7,Arizona Coyotes,1,,12389,2:27,
2021-12-03,San Jose Sharks,0,New York Rangers,1,,16726,2:16,
2021-12-03,Edmonton Oilers,3,Seattle Kraken,4,,17151,2:36,
2021-12-03,New Jersey Devils,4,Winnipeg Jets,8,,13844,2:25,
2021-12-04,Tampa Bay Lightning,3,Boston Bruins,2,OT,17850,2:33,
2021-12-04,Buffalo Sabres,2,Carolina Hurricanes,6,,18680,2:33,
2021-12-04,New York Islanders,3,Detroit Red Wings,4,OT,19152,2:32,
2021-12-04,St. Louis Blues,3,Florida Panthers,4,SO,13446,2:43,
2021-12-04,Toronto Maple Leafs,3,Minnesota Wild,4,SO,18568,2:47,
2021-12-04,Montreal Canadiens,3,Nashville Predators,4,OT,17159,2:44,
2021-12-04,Chicago Blackhawks,2,New York Rangers,3,,17046,2:32,
2021-12-04,Colorado Avalanche,5,Ottawa Senators,6,OT,14237,2:50,
2021-12-04,Pittsburgh Penguins,4,Vancouver Canucks,1,,18422,2:24,
2021-12-04,Columbus Blue Jackets,1,Washington Capitals,3,,18573,2:14,
2021-12-05,San Jose Sharks,4,Columbus Blue Jackets,6,,16824,2:31,
2021-12-05,Los Angeles Kings,5,Edmonton Oilers,1,,15658,2:26,
2021-12-05,Chicago Blackhawks,3,New York Islanders,2,SO,17255,2:32,
2021-12-05,Tampa Bay Lightning,7,Philadelphia Flyers,1,,16014,2:33,
2021-12-05,Calgary Flames,2,Vegas Golden Knights,3,,18077,2:31,
2021-12-05,Toronto Maple Leafs,3,Winnipeg Jets,6,,14461,2:31,
2021-12-06,Arizona Coyotes,1,Dallas Stars,4,,17256,2:22,
2021-12-06,Ottawa Senators,3,New Jersey Devils,2,SO,10312,2:37,
2021-12-06,Colorado Avalanche,7,Philadelphia Flyers,5,,16649,2:36,
2021-12-06,Pittsburgh Penguins,6,Seattle Kraken,1,,17151,2:24,
2021-12-06,Los Angeles Kings,0,Vancouver Canucks,4,,18591,2:22,
2021-12-06,Anaheim Ducks,3,Washington Capitals,4,SO,18573,2:40,
2021-12-07,Anaheim Ducks,2,Buffalo Sabres,0,,8133,2:16,
2021-12-07,New York Rangers,6,Chicago Blackhawks,2,,17207,2:37,
2021-12-07,Nashville Predators,5,Detroit Red Wings,2,,15539,2:28,
2021-12-07,Minnesota Wild,4,Edmonton Oilers,1,,14715,2:21,
2021-12-07,Tampa Bay Lightning,3,Montreal Canadiens,2,,19976,2:23,
2021-12-07,New York Islanders,5,Ottawa Senators,3,,10229,2:22,
2021-12-07,Calgary Flames,3,San Jose Sharks,5,,10534,2:20,
2021-12-07,Florida Panthers,3,St. Louis Blues,4,OT,16372,2:28,
2021-12-07,Columbus Blue Jackets,4,Toronto Maple Leafs,5,,18793,2:26,
2021-12-07,Carolina Hurricanes,4,Winnipeg Jets,2,,13761,2:28,
2021-12-08,Philadelphia Flyers,0,New Jersey Devils,3,,12163,2:28,
2021-12-08,Colorado Avalanche,7,New York Rangers,3,,16714,2:28,
2021-12-08,Boston Bruins,1,Vancouver Canucks,2,SO,18403,2:45,
2021-12-08,Dallas Stars,4,Vegas Golden Knights,5,,17843,2:28,
2021-12-09,Anaheim Ducks,2,Columbus Blue Jackets,1,SO,16029,2:39,
2021-12-09,Carolina Hurricanes,2,Calgary Flames,1,OT,15620,2:30,
2021-12-09,Boston Bruins,3,Edmonton Oilers,2,,16112,2:32,
2021-12-09,Dallas Stars,0,Los Angeles Kings,4,,13659,2:23,
2021-12-09,Chicago Blackhawks,2,Montreal Canadiens,0,,20447,2:14,
2021-12-09,Nashville Predators,4,New York Islanders,3,,17255,2:29,
2021-12-09,Winnipeg Jets,3,Seattle Kraken,0,,17151,2:25,
2021-12-09,Minnesota Wild,5,San Jose Sharks,2,,10782,2:21,
2021-12-09,Detroit Red Wings,2,St. Louis Blues,6,,18096,2:17,
2021-12-09,Tampa Bay Lightning,5,Toronto Maple Leafs,3,,18919,2:29,
2021-12-10,Florida Panthers,3,Arizona Coyotes,1,,11974,2:24,
2021-12-10,New York Rangers,2,Buffalo Sabres,1,,9703,2:27,
2021-12-10,Detroit Red Wings,3,Colorado Avalanche,7,,18021,2:27,
2021-12-10,Nashville Predators,3,New Jersey Devils,2,,14218,2:29,
2021-12-10,Winnipeg Jets,3,Vancouver Canucks,4,SO,18457,2:42,
2021-12-10,Philadelphia Flyers,4,Vegas Golden Knights,3,,18011,2:38,
2021-12-10,Pittsburgh Penguins,4,Washington Capitals,2,,18573,2:29,
2021-12-11,Philadelphia Flyers,5,Arizona Coyotes,3,,10562,2:20,
2021-12-11,Washington Capitals,3,Buffalo Sabres,2,SO,9554,2:38,
2021-12-11,Boston Bruins,4,Calgary Flames,2,,16190,2:40,
2021-12-11,Carolina Hurricanes,3,Edmonton Oilers,1,,18025,2:28,
2021-12-11,Minnesota Wild,1,Los Angeles Kings,2,,15897,2:25,
2021-12-11,New Jersey Devils,2,New York Islanders,4,,17255,2:29,
2021-12-11,Tampa Bay Lightning,0,Ottawa Senators,4,,13076,2:20,
2021-12-11,Anaheim Ducks,0,Pittsburgh Penguins,1,,17435,2:20,
2021-12-11,Columbus Blue Jackets,5,Seattle Kraken,4,OT,17151,2:29,
2021-12-11,Dallas Stars,1,San Jose Sharks,2,,14145,2:22,
2021-12-11,Montreal Canadiens,1,St. Louis Blues,4,,16829,2:18,
2021-12-11,Chicago Blackhawks,4,Toronto Maple Leafs,5,,18934,2:20,
2021-12-12,Florida Panthers,2,Colorado Avalanche,3,,16548,2:47,
2021-12-12,Nashville Predators,1,New York Rangers,0,,16177,2:17,
2021-12-12,Anaheim Ducks,3,St. Louis Blues,2,OT,17010,2:21,
2021-12-12,Carolina Hurricanes,1,Vancouver Canucks,2,,18714,2:19,
2021-12-12,Minnesota Wild,4,Vegas Golden Knights,6,,18001,2:31,
2021-12-14,Vegas Golden Knights,4,Boston Bruins,1,,17850,2:24,
2021-12-14,New York Rangers,2,Colorado Avalanche,4,,17198,2:35,
2021-12-14,St. Louis Blues,4,Dallas Stars,1,,18012,2:33,
2021-12-14,New York Islanders,1,Detroit Red Wings,2,,16884,2:23,
2021-12-14,Toronto Maple Leafs,5,Edmonton Oilers,1,,18131,2:18,
2021-12-14,Ottawa Senators,8,Florida Panthers,2,,13759,2:35,
2021-12-14,New Jersey Devils,1,Philadelphia Flyers,6,,18594,2:29,
2021-12-14,Montreal Canadiens,2,Pittsburgh Penguins,5,,17005,2:22,
2021-12-14,Seattle Kraken,3,San Jose Sharks,1,,12403,2:12,
2021-12-14,Los Angeles Kings,2,Tampa Bay Lightning,3,OT,19092,2:25,
2021-12-14,Columbus Blue Jackets,3,Vancouver Canucks,4,,18412,2:34,
2021-12-14,Buffalo Sabres,4,Winnipeg Jets,2,,13484,2:15,
2021-12-15,Seattle Kraken,1,Anaheim Ducks,4,,14762,2:17,
2021-12-15,New York Rangers,3,Arizona Coyotes,2,,11380,2:25,
2021-12-15,Washington Capitals,4,Chicago Blackhawks,5,OT,18260,2:30,
2021-12-16,Detroit Red Wings,3,Carolina Hurricanes,5,,16017,2:27,
2021-12-16,Columbus Blue Jackets,2,Edmonton Oilers,5,,15022,2:27,
2021-12-16,Los Angeles Kings,4,Florida Panthers,1,,14458,2:26,
2021-12-16,Buffalo Sabres,3,Minnesota Wild,2,SO,18022,2:36,
2021-12-16,Philadelphia Flyers,2,Montreal Canadiens,3,SO,,2:34,
2021-12-16,Vegas Golden Knights,5,New Jersey Devils,3,,12724,2:36,
2021-12-16,Colorado Avalanche,2,Nashville Predators,5,,17184,2:28,
2021-12-16,Boston Bruins,1,New York Islanders,3,,17255,2:28,
2021-12-16,Vancouver Canucks,5,San Jose Sharks,2,,10340,2:17,
2021-12-16,Ottawa Senators,1,Tampa Bay Lightning,2,,19092,2:24,
2021-12-17,Arizona Coyotes,6,Anaheim Ducks,5,OT,14135,2:34,
2021-12-17,Nashville Predators,3,Chicago Blackhawks,2,OT,18298,2:26,
2021-12-17,Vegas Golden Knights,3,New York Rangers,2,SO,17400,2:37,
2021-12-17,Buffalo Sabres,2,Pittsburgh Penguins,3,OT,17456,2:33,
2021-12-17,Dallas Stars,1,St. Louis Blues,4,,16852,2:30,
2021-12-17,Washington Capitals,5,Winnipeg Jets,2,,14039,2:25,
2021-12-18,Los Angeles Kings,1,Carolina Hurricanes,5,,16238,2:23,
2021-12-18,Chicago Blackhawks,3,Dallas Stars,4,OT,18532,2:40,
2021-12-18,New Jersey Devils,2,Detroit Red Wings,5,,19015,2:27,
2021-12-18,Ottawa Senators,3,Philadelphia Flyers,4,OT,18437,2:34,
2021-12-18,Edmonton Oilers,5,Seattle Kraken,3,,17151,2:28,
2021-12-19,Pittsburgh Penguins,3,New Jersey Devils,2,,14857,2:22,
2021-12-19,Vegas Golden Knights,4,New York Islanders,3,SO,17255,2:37,
2021-12-19,St. Louis Blues,2,Winnipeg Jets,4,,13524,2:24,
2021-12-19,Los Angeles Kings,3,Washington Capitals,2,,18573,2:37,
2021-12-20,Minnesota Wild,4,Dallas Stars,7,,18237,2:28,
2021-12-21,Tampa Bay Lightning,4,Vegas Golden Knights,3,,18217,2:31,
2021-12-28,Vegas Golden Knights,6,Los Angeles Kings,3,,14887,2:26,
2021-12-28,Arizona Coyotes,7,San Jose Sharks,8,SO,11450,2:39,
2021-12-28,Montreal Canadiens,4,Tampa Bay Lightning,5,OT,19092,2:39,
2021-12-29,Vancouver Canucks,2,Anaheim Ducks,1,OT,11866,2:28,
2021-12-29,New Jersey Devils,4,Buffalo Sabres,3,,11511,2:13,
2021-12-29,New York Rangers,3,Florida Panthers,4,,15857,2:34,
2021-12-29,Philadelphia Flyers,3,Seattle Kraken,2,OT,17151,2:31,
2021-12-29,Edmonton Oilers,2,St. Louis Blues,4,,18096,2:21,
2021-12-29,Nashville Predators,3,Washington Capitals,5,,18573,2:42,
2021-12-30,Montreal Canadiens,0,Carolina Hurricanes,4,,17722,2:27,
2021-12-30,Nashville Predators,3,Columbus Blue Jackets,4,SO,17494,2:48,
2021-12-30,Tampa Bay Lightning,3,Florida Panthers,9,,15001,2:38,
2021-12-30,Vancouver Canucks,1,Los Angeles Kings,2,SO,14514,2:36,
2021-12-30,Buffalo Sabres,1,New York Islanders,4,,17255,2:22,
2021-12-30,Calgary Flames,6,Seattle Kraken,4,,17151,2:34,
2021-12-30,Philadelphia Flyers,2,San Jose Sharks,3,OT,12540,2:34,
2021-12-31,Washington Capitals,3,Detroit Red Wings,1,,17721,2:23,
2021-12-31,Edmonton Oilers,5,New Jersey Devils,6,OT,13044,2:41,
2021-12-31,New York Rangers,4,Tampa Bay Lightning,3,SO,19092,2:42,
2021-12-31,Anaheim Ducks,1,Vegas Golden Knights,3,,18022,2:32,
2022-01-01,Buffalo Sabres,3,Boston Bruins,4,OT,17850,2:39,
2022-01-01,Carolina Hurricanes,7,Columbus Blue Jackets,4,,15736,2:29,
2022-01-01,Montreal Canadiens,2,Florida Panthers,5,,13584,2:27,
2022-01-01,Philadelphia Flyers,3,Los Angeles Kings,6,,14301,2:39,
2022-01-01,St. Louis Blues,6,Minnesota Wild,4,,38619,2:42,at Target Field (Minneapolis MN)
2022-01-01,Chicago Blackhawks,1,Nashville Predators,6,,17504,2:28,
2022-01-01,Edmonton Oilers,2,New York Islanders,3,OT,17255,2:26,
2022-01-01,Vancouver Canucks,5,Seattle Kraken,2,,17151,2:34,
2022-01-01,Ottawa Senators,0,Toronto Maple Leafs,6,,989,2:22,
2022-01-02,Calgary Flames,5,Chicago Blackhawks,1,,17454,2:21,
2022-01-02,Anaheim Ducks,2,Colorado Avalanche,4,,17305,2:26,
2022-01-02,Boston Bruins,5,Detroit Red Wings,1,,17973,2:29,
2022-01-02,Tampa Bay Lightning,0,New York Rangers,4,,16885,2:29,
2022-01-02,San Jose Sharks,5,Pittsburgh Penguins,8,,18066,2:27,
2022-01-02,Winnipeg Jets,5,Vegas Golden Knights,4,OT,17888,2:31,
2022-01-02,New Jersey Devils,4,Washington Capitals,3,OT,18573,2:36,
2022-01-03,Edmonton Oilers,1,New York Rangers,4,,16979,2:24,
2022-01-04,Philadelphia Flyers,1,Anaheim Ducks,4,,11375,2:37,
2022-01-04,Winnipeg Jets,3,Arizona Coyotes,1,,8173,2:18,
2022-01-04,New Jersey Devils,3,Boston Bruins,5,,17850,2:38,
2022-01-04,Tampa Bay Lightning,7,Columbus Blue Jackets,2,,14816,2:25,
2022-01-04,Colorado Avalanche,4,Chicago Blackhawks,3,OT,16784,2:35,
2022-01-04,San Jose Sharks,2,Detroit Red Wings,6,,14524,2:37,
2022-01-04,Calgary Flames,2,Florida Panthers,6,,13164,2:29,
2022-01-04,Nashville Predators,3,Vegas Golden Knights,2,,17804,2:40,
2022-01-05,St. Louis Blues,3,Pittsburgh Penguins,5,,17921,2:33,
2022-01-05,Edmonton Oilers,2,Toronto Maple Leafs,4,,,2:26,
2022-01-06,Chicago Blackhawks,4,Arizona Coyotes,6,,11632,2:33,
2022-01-06,Minnesota Wild,3,Boston Bruins,2,,17850,2:40,
2022-01-06,San Jose Sharks,3,Buffalo Sabres,2,,8117,2:22,
2022-01-06,Winnipeg Jets,1,Colorado Avalanche,7,,15171,2:29,
2022-01-06,Florida Panthers,5,Dallas Stars,6,SO,17678,2:49,
2022-01-06,Nashville Predators,4,Los Angeles Kings,2,,14359,2:38,
2022-01-06,Columbus Blue Jackets,1,New Jersey Devils,3,,11523,2:20,
2022-01-06,Pittsburgh Penguins,6,Philadelphia Flyers,2,,17944,2:21,
2022-01-06,Calgary Flames,1,Tampa Bay Lightning,4,,19092,2:35,
2022-01-06,New York Rangers,1,Vegas Golden Knights,5,,18117,2:19,
2022-01-07,Calgary Flames,3,Carolina Hurricanes,6,,16281,2:30,
2022-01-07,Washington Capitals,1,St. Louis Blues,5,,18096,2:21,
2022-01-08,New York Rangers,4,Anaheim Ducks,1,,15146,2:28,
2022-01-08,Nashville Predators,4,Arizona Coyotes,2,,10317,2:43,
2022-01-08,Florida Panthers,4,Carolina Hurricanes,3,OT,18680,2:37,
2022-01-08,New Jersey Devils,3,Columbus Blue Jackets,4,,18680,2:33,
2022-01-08,Toronto Maple Leafs,4,Colorado Avalanche,5,OT,17354,2:34,
2022-01-08,Pittsburgh Penguins,2,Dallas Stars,3,,18532,2:25,
2022-01-08,Detroit Red Wings,0,Los Angeles Kings,4,,17321,2:29,
2022-01-08,Washington Capitals,2,Minnesota Wild,3,SO,19078,2:48,
2022-01-08,San Jose Sharks,3,Philadelphia Flyers,2,OT,15600,2:31,
2022-01-08,Boston Bruins,5,Tampa Bay Lightning,2,,19092,2:32,
2022-01-08,Chicago Blackhawks,2,Vegas Golden Knights,1,,18367,2:19,
2022-01-09,Detroit Red Wings,3,Anaheim Ducks,4,SO,12043,2:40,
2022-01-09,Dallas Stars,1,St. Louis Blues,2,,18096,2:22,
2022-01-10,Seattle Kraken,3,Colorado Avalanche,4,,17516,2:27,
2022-01-10,New York Rangers,1,Los Angeles Kings,3,,13558,2:18,
2022-01-10,Boston Bruins,7,Washington Capitals,3,,18573,2:39,
2022-01-11,Pittsburgh Penguins,4,Anaheim Ducks,1,,11431,2:26,
2022-01-11,Tampa Bay Lightning,6,Buffalo Sabres,1,,8368,2:18,
2022-01-11,Chicago Blackhawks,4,Columbus Blue Jackets,2,,15444,2:16,
2022-01-11,Vancouver Canucks,2,Florida Panthers,5,,15041,2:34,
2022-01-11,Colorado Avalanche,4,Nashville Predators,5,OT,17159,2:42,
2022-01-11,Detroit Red Wings,2,San Jose Sharks,3,OT,10489,2:25,
2022-01-11,Toronto Maple Leafs,4,Vegas Golden Knights,3,SO,17911,2:38,
2022-01-12,Toronto Maple Leafs,1,Arizona Coyotes,2,,10031,2:19,
2022-01-12,Montreal Canadiens,1,Boston Bruins,5,,17850,2:39,
2022-01-12,Seattle Kraken,2,Dallas Stars,5,,17825,2:29,
2022-01-13,Philadelphia Flyers,2,Boston Bruins,3,,17850,2:36,
2022-01-13,Columbus Blue Jackets,6,Carolina Hurricanes,0,,15979,2:18,
2022-01-13,Ottawa Senators,4,Calgary Flames,1,,9639,2:17,
2022-01-13,Montreal Canadiens,2,Chicago Blackhawks,3,OT,17472,2:25,
2022-01-13,Winnipeg Jets,3,Detroit Red Wings,0,,16829,2:23,
2022-01-13,Pittsburgh Penguins,2,Los Angeles Kings,6,,14348,2:24,
2022-01-13,Buffalo Sabres,4,Nashville Predators,1,,17159,2:25,
2022-01-13,New Jersey Devils,2,New York Islanders,3,,17255,2:27,
2022-01-13,New York Rangers,3,San Jose Sharks,0,,10919,2:22,
2022-01-13,Seattle Kraken,1,St. Louis Blues,2,,17017,2:19,
2022-01-13,Vancouver Canucks,2,Tampa Bay Lightning,4,,19092,2:29,
2022-01-14,Arizona Coyotes,3,Colorado Avalanche,4,SO,17072,2:37,
2022-01-14,Dallas Stars,1,Florida Panthers,7,,15022,2:33,
2022-01-14,Anaheim Ducks,3,Minnesota Wild,7,,18300,2:35,
2022-01-15,Colorado Avalanche,5,Arizona Coyotes,0,,14313,2:19,
2022-01-15,Nashville Predators,3,Boston Bruins,4,OT,17850,2:41,
2022-01-15,Vancouver Canucks,1,Carolina Hurricanes,4,,17435,2:29,
2022-01-15,Anaheim Ducks,0,Chicago Blackhawks,3,,18469,2:17,
2022-01-15,Buffalo Sabres,0,Detroit Red Wings,4,,19515,2:22,
2022-01-15,Ottawa Senators,6,Edmonton Oilers,4,,9150,2:27,
2022-01-15,Columbus Blue Jackets,2,Florida Panthers,9,,15088,2:18,
2022-01-15,Washington Capitals,2,New York Islanders,0,,17255,2:20,
2022-01-15,New York Rangers,3,Philadelphia Flyers,2,,18293,2:11,
2022-01-15,Los Angeles Kings,3,Seattle Kraken,1,,17151,2:21,
2022-01-15,Pittsburgh Penguins,2,San Jose Sharks,1,OT,13686,2:20,
2022-01-15,Toronto Maple Leafs,6,St. Louis Blues,5,,18096,2:33,
2022-01-15,Dallas Stars,1,Tampa Bay Lightning,3,,19092,2:26,
2022-01-16,Vancouver Canucks,4,Washington Capitals,2,,18573,2:28,
2022-01-17,Montreal Canadiens,2,Arizona Coyotes,5,,9495,2:22,
2022-01-17,Detroit Red Wings,3,Buffalo Sabres,2,OT,8839,2:26,
2022-01-17,Minnesota Wild,3,Colorado Avalanche,4,SO,17565,2:51,
2022-01-17,Philadelphia Flyers,1,New York Islanders,4,,17255,2:16,
2022-01-17,Chicago Blackhawks,2,Seattle Kraken,3,SO,17151,2:37,
2022-01-17,Los Angeles Kings,2,San Jose Sharks,6,,10705,2:21,
2022-01-17,Nashville Predators,3,St. Louis Blues,5,,18096,2:26,
2022-01-17,Pittsburgh Penguins,5,Vegas Golden Knights,3,,18213,2:27,
2022-01-18,Carolina Hurricanes,7,Boston Bruins,1,,17850,2:31,
2022-01-18,Florida Panthers,1,Calgary Flames,5,,9639,2:30,
2022-01-18,Montreal Canadiens,5,Dallas Stars,3,,17679,2:45,
2022-01-18,Tampa Bay Lightning,6,Los Angeles Kings,4,,15128,2:32,
2022-01-18,Vancouver Canucks,3,Nashville Predators,1,,16676,2:26,
2022-01-18,Buffalo Sabres,3,Ottawa Senators,1,,,2:26,
2022-01-18,New York Islanders,4,Philadelphia Flyers,3,SO,16362,2:51,
2022-01-18,Winnipeg Jets,3,Washington Capitals,4,OT,18573,2:28,
2022-01-19,Colorado Avalanche,2,Anaheim Ducks,0,,11240,2:30,
2022-01-19,Arizona Coyotes,4,New Jersey Devils,1,,10592,2:19,
2022-01-19,Toronto Maple Leafs,3,New York Rangers,6,,16624,2:28,
2022-01-20,Washington Capitals,3,Boston Bruins,4,,17850,2:31,
2022-01-20,Dallas Stars,5,Buffalo Sabres,4,,7808,2:35,
2022-01-20,Florida Panthers,6,Edmonton Oilers,0,,9150,2:19,
2022-01-20,Colorado Avalanche,4,Los Angeles Kings,1,,15387,2:26,
2022-01-20,Winnipeg Jets,2,Nashville Predators,5,,17159,2:35,
2022-01-20,Columbus Blue Jackets,2,Philadelphia Flyers,1,,15359,2:24,
2022-01-20,Ottawa Senators,4,Pittsburgh Penguins,6,,18060,2:39,
2022-01-20,San Jose Sharks,2,Seattle Kraken,3,,17151,2:22,
2022-01-20,Montreal Canadiens,3,Vegas Golden Knights,4,OT,18121,2:35,
2022-01-21,Tampa Bay Lightning,1,Anaheim Ducks,5,,13148,2:27,
2022-01-21,New York Rangers,3,Carolina Hurricanes,6,,16118,2:27,
2022-01-21,Pittsburgh Penguins,5,Columbus Blue Jackets,2,,18477,2:29,
2022-01-21,Minnesota Wild,5,Chicago Blackhawks,1,,17921,2:17,
2022-01-21,Dallas Stars,5,Detroit Red Wings,4,OT,18522,2:34,
2022-01-21,Arizona Coyotes,0,New York Islanders,4,,17255,2:21,
2022-01-21,St. Louis Blues,5,Seattle Kraken,0,,17151,2:31,
2022-01-21,Florida Panthers,2,Vancouver Canucks,1,SO,9346,2:33,
2022-01-22,Winnipeg Jets,2,Boston Bruins,3,,17850,2:22,
2022-01-22,Philadelphia Flyers,3,Buffalo Sabres,6,,9264,2:24,
2022-01-22,Montreal Canadiens,2,Colorado Avalanche,3,OT,17646,2:36,
2022-01-22,Calgary Flames,3,Edmonton Oilers,5,,9150,2:32,
2022-01-22,Chicago Blackhawks,3,Minnesota Wild,4,OT,19092,2:43,
2022-01-22,Carolina Hurricanes,4,New Jersey Devils,7,,13657,2:31,
2022-01-22,Detroit Red Wings,1,Nashville Predators,4,,17455,2:26,
2022-01-22,Toronto Maple Leafs,3,New York Islanders,1,,17255,2:15,
2022-01-22,Arizona Coyotes,3,New York Rangers,7,,17006,2:24,
2022-01-22,Tampa Bay Lightning,7,San Jose Sharks,1,,14193,2:23,
2022-01-22,Ottawa Senators,2,Washington Capitals,3,OT,18573,2:31,
2022-01-23,Ottawa Senators,2,Columbus Blue Jackets,1,,15037,2:18,
2022-01-23,Los Angeles Kings,3,New Jersey Devils,2,,11354,2:26,
2022-01-23,Winnipeg Jets,2,Pittsburgh Penguins,3,SO,17962,2:43,
2022-01-23,Florida Panthers,3,Seattle Kraken,5,,17151,2:29,
2022-01-23,St. Louis Blues,3,Vancouver Canucks,1,,9424,2:19,
2022-01-24,Anaheim Ducks,5,Boston Bruins,3,,17850,2:32,
2022-01-24,St. Louis Blues,1,Calgary Flames,7,,9039,2:20,
2022-01-24,Chicago Blackhawks,0,Colorado Avalanche,2,,16503,2:23,
2022-01-24,Montreal Canadiens,2,Minnesota Wild,8,,18104,2:32,
2022-01-24,Los Angeles Kings,2,New York Rangers,3,SO,15666,2:42,
2022-01-24,Dallas Stars,3,Philadelphia Flyers,1,,14868,2:28,
2022-01-24,Vegas Golden Knights,1,Washington Capitals,0,,18573,2:32,
2022-01-25,Vegas Golden Knights,3,Carolina Hurricanes,4,OT,15228,2:38,
2022-01-25,Dallas Stars,5,New Jersey Devils,1,,10382,2:32,
2022-01-25,Philadelphia Flyers,3,New York Islanders,4,,17255,2:25,
2022-01-25,Buffalo Sabres,0,Ottawa Senators,5,,,2:29,
2022-01-25,Arizona Coyotes,3,Pittsburgh Penguins,6,,16360,2:17,
2022-01-25,Nashville Predators,4,Seattle Kraken,2,,17151,2:26,
2022-01-25,Edmonton Oilers,3,Vancouver Canucks,2,OT,9396,2:27,
2022-01-25,Florida Panthers,5,Winnipeg Jets,3,,250,2:15,
2022-01-26,Calgary Flames,6,Columbus Blue Jackets,0,,13737,2:28,
2022-01-26,Boston Bruins,3,Colorado Avalanche,4,OT,18041,2:49,
2022-01-26,Chicago Blackhawks,8,Detroit Red Wings,5,,16578,2:38,
2022-01-26,Anaheim Ducks,3,Toronto Maple Leafs,4,SO,,2:41,
2022-01-26,San Jose Sharks,4,Washington Capitals,1,,18573,2:27,
2022-01-27,New York Rangers,3,Columbus Blue Jackets,5,,14878,2:27,
2022-01-27,Nashville Predators,2,Edmonton Oilers,3,SO,9150,2:44,
2022-01-27,Vegas Golden Knights,1,Florida Panthers,4,,15400,2:20,
2022-01-27,Anaheim Ducks,5,Montreal Canadiens,4,,,2:23,
2022-01-27,Los Angeles Kings,3,New York Islanders,2,,17255,2:23,
2022-01-27,Carolina Hurricanes,3,Ottawa Senators,2,SO,,2:35,
2022-01-27,Seattle Kraken,2,Pittsburgh Penguins,1,OT,18228,2:20,
2022-01-27,Calgary Flames,1,St. Louis Blues,5,,18096,2:27,
2022-01-27,New Jersey Devils,2,Tampa Bay Lightning,3,,19092,2:23,
2022-01-27,Vancouver Canucks,5,Winnipeg Jets,1,,250,2:23,
2022-01-28,Boston Bruins,2,Arizona Coyotes,1,,12994,2:31,
2022-01-28,Colorado Avalanche,6,Chicago Blackhawks,4,,17992,2:39,
2022-01-28,Washington Capitals,5,Dallas Stars,0,,18532,2:22,
2022-01-28,Minnesota Wild,3,New York Rangers,2,,18006,2:30,
2022-01-28,Detroit Red Wings,3,Pittsburgh Penguins,2,SO,18369,2:41,
2022-01-29,Buffalo Sabres,3,Arizona Coyotes,1,,12853,2:16,
2022-01-29,New Jersey Devils,1,Carolina Hurricanes,2,,18956,2:25,
2022-01-29,Vancouver Canucks,0,Calgary Flames,1,OT,9639,2:32,
2022-01-29,Toronto Maple Leafs,7,Detroit Red Wings,4,,19515,2:29,
2022-01-29,San Jose Sharks,4,Florida Panthers,5,OT,18152,2:30,
2022-01-29,Edmonton Oilers,7,Montreal Canadiens,2,,,2:20,
2022-01-29,Anaheim Ducks,2,Ottawa Senators,1,,,2:22,
2022-01-29,Los Angeles Kings,3,Philadelphia Flyers,4,OT,13763,2:30,
2022-01-29,Winnipeg Jets,4,St. Louis Blues,1,,18096,2:20,
2022-01-29,Vegas Golden Knights,3,Tampa Bay Lightning,2,SO,19092,2:41,
2022-01-30,San Jose Sharks,1,Carolina Hurricanes,2,,15975,2:29,
2022-01-30,Buffalo Sabres,1,Colorado Avalanche,4,,17456,2:31,
2022-01-30,Boston Bruins,1,Dallas Stars,6,,17954,2:21,
2022-01-30,Columbus Blue Jackets,6,Montreal Canadiens,3,,,2:25,
2022-01-30,Minnesota Wild,4,New York Islanders,3,,15518,2:25,
2022-01-30,Seattle Kraken,2,New York Rangers,3,,18006,2:27,
2022-01-30,Los Angeles Kings,4,Pittsburgh Penguins,3,,18237,2:31,
2022-01-31,Florida Panthers,8,Columbus Blue Jackets,4,,14214,2:28,
2022-01-31,Vancouver Canucks,3,Chicago Blackhawks,1,,17170,2:21,
2022-01-31,Anaheim Ducks,1,Detroit Red Wings,2,OT,14545,2:26,
2022-01-31,Edmonton Oilers,2,Ottawa Senators,3,OT,500,2:32,
2022-01-31,New Jersey Devils,4,Toronto Maple Leafs,6,,500,2:31,
2022-02-01,Seattle Kraken,2,Boston Bruins,3,,17850,2:31,
2022-02-01,Arizona Coyotes,3,Colorado Avalanche,2,SO,15345,2:39,
2022-02-01,Calgary Flames,4,Dallas Stars,3,,17567,2:23,
2022-02-01,Toronto Maple Leafs,7,New Jersey Devils,1,,11602,2:28,
2022-02-01,Vancouver Canucks,2,Nashville Predators,4,,17159,2:23,
2022-02-01,Ottawa Senators,1,New York Islanders,4,,15258,2:20,
2022-02-01,Florida Panthers,2,New York Rangers,5,,15942,2:30,
2022-02-01,Winnipeg Jets,1,Philadelphia Flyers,3,,13433,2:24,
2022-02-01,Washington Capitals,4,Pittsburgh Penguins,3,OT,17826,2:43,
2022-02-01,San Jose Sharks,2,Tampa Bay Lightning,3,OT,19092,2:35,
2022-02-01,Buffalo Sabres,2,Vegas Golden Knights,5,,18235,2:27,
2022-02-02,Calgary Flames,4,Arizona Coyotes,2,,9552,2:23,
2022-02-02,Minnesota Wild,5,Chicago Blackhawks,0,,16373,2:15,
2022-02-02,Los Angeles Kings,5,Detroit Red Wings,3,,11553,2:23,
2022-02-02,Seattle Kraken,3,New York Islanders,0,,17255,2:16,
2022-02-02,Edmonton Oilers,5,Washington Capitals,3,,18573,2:26,
2022-02-07,New Jersey Devils,1,Ottawa Senators,4,,500,2:12,
2022-02-07,Carolina Hurricanes,3,Toronto Maple Leafs,4,OT,500,2:39,
2022-02-08,Pittsburgh Penguins,4,Boston Bruins,2,,17850,2:32,
2022-02-08,Vegas Golden Knights,4,Edmonton Oilers,0,,9150,2:18,
2022-02-08,New Jersey Devils,7,Montreal Canadiens,1,,500,2:23,
2022-02-08,Carolina Hurricanes,3,Ottawa Senators,4,,500,2:25,
2022-02-08,Arizona Coyotes,1,Vancouver Canucks,5,,9124,2:21,
2022-02-08,Minnesota Wild,0,Winnipeg Jets,2,,7012,2:23,
2022-02-08,Columbus Blue Jackets,5,Washington Capitals,4,,18573,2:33,
2022-02-09,Vegas Golden Knights,0,Calgary Flames,6,,9639,2:25,
2022-02-09,Nashville Predators,3,Dallas Stars,4,,17780,2:37,
2022-02-09,Chicago Blackhawks,4,Edmonton Oilers,1,,9150,2:22,
2022-02-09,Detroit Red Wings,6,Philadelphia Flyers,3,,13243,2:26,
2022-02-09,Arizona Coyotes,5,Seattle Kraken,2,,17151,2:27,
2022-02-09,New York Islanders,6,Vancouver Canucks,3,,9268,2:18,
2022-02-10,Carolina Hurricanes,6,Boston Bruins,0,,17850,2:43,
2022-02-10,Columbus Blue Jackets,4,Buffalo Sabres,3,OT,8476,2:23,
2022-02-10,Toronto Maple Leafs,2,Calgary Flames,5,,9639,2:27,
2022-02-10,Tampa Bay Lightning,2,Colorado Avalanche,3,,18018,2:41,
2022-02-10,Washington Capitals,5,Montreal Canadiens,2,,500,2:28,
2022-02-10,Pittsburgh Penguins,2,Ottawa Senators,0,,500,2:18,
2022-02-10,New Jersey Devils,7,St. Louis Blues,4,,18096,2:34,
2022-02-11,Seattle Kraken,4,Anaheim Ducks,3,,12530,2:28,
2022-02-11,Tampa Bay Lightning,4,Arizona Coyotes,3,,11727,2:16,
2022-02-11,Winnipeg Jets,3,Dallas Stars,4,OT,18014,2:34,
2022-02-11,New York Islanders,1,Edmonton Oilers,3,,9150,2:20,
2022-02-12,New York Islanders,2,Calgary Flames,5,,9639,2:28,
2022-02-12,Philadelphia Flyers,2,Detroit Red Wings,4,,15965,2:26,
2022-02-12,Carolina Hurricanes,2,Minnesota Wild,3,,18802,2:33,
2022-02-12,Columbus Blue Jackets,2,Montreal Canadiens,1,,500,2:28,
2022-02-12,Winnipeg Jets,5,Nashville Predators,2,,17688,2:30,
2022-02-12,Boston Bruins,2,Ottawa Senators,0,,500,2:28,
2022-02-12,Chicago Blackhawks,1,St. Louis Blues,5,,18096,2:18,
2022-02-12,Toronto Maple Leafs,2,Vancouver Canucks,3,,9396,2:25,
2022-02-13,Colorado Avalanche,4,Dallas Stars,0,,18167,2:20,
2022-02-13,Buffalo Sabres,5,Montreal Canadiens,3,,500,2:19,
2022-02-13,Pittsburgh Penguins,4,New Jersey Devils,2,,11242,2:16,
2022-02-13,Ottawa Senators,4,Washington Capitals,1,,18573,2:31,
2022-02-14,Detroit Red Wings,4,Minnesota Wild,7,,18098,2:41,
2022-02-14,Toronto Maple Leafs,6,Seattle Kraken,2,,17151,2:30,
2022-02-14,Edmonton Oilers,3,San Jose Sharks,0,,11513,2:18,
2022-02-14,Chicago Blackhawks,3,Winnipeg Jets,1,,7511,2:14,
2022-02-15,New York Islanders,3,Buffalo Sabres,6,,9296,2:25,
2022-02-15,Columbus Blue Jackets,2,Calgary Flames,6,,9639,2:20,
2022-02-15,Dallas Stars,4,Colorado Avalanche,1,,17503,2:40,
2022-02-15,Edmonton Oilers,5,Los Angeles Kings,2,,15494,2:28,
2022-02-15,Tampa Bay Lightning,6,New Jersey Devils,3,,10410,2:33,
2022-02-15,Washington Capitals,4,Nashville Predators,1,,17238,2:31,
2022-02-15,Boston Bruins,1,New York Rangers,2,SO,15403,2:38,
2022-02-15,St. Louis Blues,5,Ottawa Senators,2,,500,2:27,
2022-02-15,Philadelphia Flyers,4,Pittsburgh Penguins,5,OT,18385,2:34,
2022-02-16,Florida Panthers,3,Carolina Hurricanes,2,OT,16986,2:35,
2022-02-16,Anaheim Ducks,2,Calgary Flames,6,,9639,2:29,
2022-02-16,Colorado Avalanche,2,Vegas Golden Knights,0,,18209,2:28,
2022-02-16,Minnesota Wild,3,Winnipeg Jets,6,,12527,2:23,
2022-02-17,Ottawa Senators,3,Buffalo Sabres,1,,7026,2:22,
2022-02-17,Columbus Blue Jackets,7,Chicago Blackhawks,4,,19290,2:26,
2022-02-17,Anaheim Ducks,3,Edmonton Oilers,7,,9150,2:31,
2022-02-17,St. Louis Blues,2,Montreal Canadiens,3,OT,500,2:38,
2022-02-17,Boston Bruins,1,New York Islanders,4,,16518,2:20,
2022-02-17,Detroit Red Wings,3,New York Rangers,2,SO,16461,2:43,
2022-02-17,Washington Capitals,5,Philadelphia Flyers,3,,16886,2:36,
2022-02-17,Vancouver Canucks,5,San Jose Sharks,4,OT,10608,2:29,
2022-02-17,Pittsburgh Penguins,1,Toronto Maple Leafs,4,,8139,2:30,
2022-02-17,Seattle Kraken,3,Winnipeg Jets,5,,13071,2:23,
2022-02-18,Nashville Predators,3,Carolina Hurricanes,5,,18911,2:35,
2022-02-18,Dallas Stars,1,Chicago Blackhawks,0,SO,19845,2:24,
2022-02-18,Florida Panthers,6,Minnesota Wild,2,,18300,2:30,
2022-02-18,Los Angeles Kings,4,Vegas Golden Knights,3,OT,18238,2:34,
2022-02-19,Los Angeles Kings,5,Arizona Coyotes,3,,13831,2:17,
2022-02-19,Colorado Avalanche,5,Buffalo Sabres,3,,10526,2:18,
2022-02-19,Seattle Kraken,1,Calgary Flames,2,,9639,2:21,
2022-02-19,Boston Bruins,3,Ottawa Senators,2,OT,5212,2:29,
2022-02-19,St. Louis Blues,6,Toronto Maple Leafs,3,,9098,2:25,
2022-02-19,Anaheim Ducks,7,Vancouver Canucks,4,,18932,2:24,
2022-02-19,Edmonton Oilers,4,Winnipeg Jets,2,,12360,2:26,
2022-02-20,Dallas Stars,1,Arizona Coyotes,3,,10248,2:18,
2022-02-20,Buffalo Sabres,3,Columbus Blue Jackets,7,,18608,2:39,
2022-02-20,Florida Panthers,5,Chicago Blackhawks,2,,19619,2:33,
2022-02-20,Minnesota Wild,7,Edmonton Oilers,3,,9150,2:23,
2022-02-20,Montreal Canadiens,3,New York Islanders,2,SO,17255,2:28,
2022-02-20,New York Rangers,2,Ottawa Senators,1,,5181,2:19,
2022-02-20,Carolina Hurricanes,4,Pittsburgh Penguins,3,,18429,2:25,
2022-02-20,Vegas Golden Knights,4,San Jose Sharks,1,,11504,2:31,
2022-02-21,Colorado Avalanche,1,Boston Bruins,5,,17850,2:32,
2022-02-21,Winnipeg Jets,1,Calgary Flames,3,,9639,2:22,
2022-02-21,Toronto Maple Leafs,2,Montreal Canadiens,5,,10552,2:29,
2022-02-21,Carolina Hurricanes,4,Philadelphia Flyers,3,OT,14591,2:41,
2022-02-21,Seattle Kraken,2,Vancouver Canucks,5,,18346,2:30,
2022-02-22,San Jose Sharks,3,Anaheim Ducks,4,SO,13288,2:44,
2022-02-22,Toronto Maple Leafs,3,Columbus Blue Jackets,4,OT,15489,2:32,
2022-02-22,Nashville Predators,6,Florida Panthers,4,,14234,2:35,
2022-02-22,Minnesota Wild,3,Ottawa Senators,4,,7602,2:20,
2022-02-22,St. Louis Blues,4,Philadelphia Flyers,1,,14929,2:24,
2022-02-22,New York Islanders,5,Seattle Kraken,2,,17151,2:21,
2022-02-23,Los Angeles Kings,3,Arizona Coyotes,2,,9415,2:19,
2022-02-23,Winnipeg Jets,2,Dallas Stars,3,OT,10098,2:27,
2022-02-23,Colorado Avalanche,5,Detroit Red Wings,2,,18562,2:29,
2022-02-23,Buffalo Sabres,0,Montreal Canadiens,4,,10552,2:22,
2022-02-23,Edmonton Oilers,3,Tampa Bay Lightning,5,,19092,2:23,
2022-02-24,Columbus Blue Jackets,6,Florida Panthers,3,,15730,2:27,
2022-02-24,Dallas Stars,1,Nashville Predators,2,SO,17869,2:36,
2022-02-24,Washington Capitals,1,New York Rangers,4,,18006,2:24,
2022-02-24,New Jersey Devils,6,Pittsburgh Penguins,1,,18057,2:22,
2022-02-24,Boston Bruins,3,Seattle Kraken,2,OT,17151,2:30,
2022-02-24,New York Islanders,3,San Jose Sharks,4,SO,11283,2:39,
2022-02-24,Minnesota Wild,1,Toronto Maple Leafs,3,,9410,2:25,
2022-02-24,Calgary Flames,1,Vancouver Canucks,7,,18857,2:35,
2022-02-25,Los Angeles Kings,4,Anaheim Ducks,1,,17174,2:25,
2022-02-25,Vegas Golden Knights,1,Arizona Coyotes,3,,11934,2:20,
2022-02-25,Columbus Blue Jackets,0,Carolina Hurricanes,4,,17112,2:28,
2022-02-25,New Jersey Devils,5,Chicago Blackhawks,8,,19343,2:36,
2022-02-25,Winnipeg Jets,3,Colorado Avalanche,6,,18037,2:24,
2022-02-25,Buffalo Sabres,3,St. Louis Blues,5,,18096,2:23,
2022-02-26,Minnesota Wild,3,Calgary Flames,7,,9639,2:40,
2022-02-26,Toronto Maple Leafs,10,Detroit Red Wings,7,,18791,2:27,
2022-02-26,Edmonton Oilers,4,Florida Panthers,3,,15628,2:34,
2022-02-26,New York Islanders,2,Los Angeles Kings,5,,18230,2:28,
2022-02-26,Tampa Bay Lightning,3,Nashville Predators,2,,68619,2:41,at Nissan Stadium (Nashville TN)
2022-02-26,Montreal Canadiens,2,Ottawa Senators,1,,9958,2:23,
2022-02-26,Washington Capitals,1,Philadelphia Flyers,2,,18276,2:27,
2022-02-26,New York Rangers,0,Pittsburgh Penguins,1,,18413,2:29,
2022-02-26,Boston Bruins,3,San Jose Sharks,1,,17260,2:23,
2022-02-26,Colorado Avalanche,3,Vegas Golden Knights,2,,18333,2:23,
2022-02-27,New York Islanders,4,Anaheim Ducks,0,,14173,2:27,
2022-02-27,Winnipeg Jets,5,Arizona Coyotes,3,,10152,2:19,
2022-02-27,Edmonton Oilers,1,Carolina Hurricanes,2,,18801,2:42,
2022-02-27,Pittsburgh Penguins,3,Columbus Blue Jackets,2,,17072,2:29,
2022-02-27,St. Louis Blues,4,Chicago Blackhawks,0,,19588,2:21,
2022-02-27,Buffalo Sabres,2,Dallas Stars,4,,18532,2:27,
2022-02-27,Vancouver Canucks,5,New York Rangers,2,,16483,2:23,
2022-02-27,Seattle Kraken,1,San Jose Sharks,3,,13171,2:28,
2022-02-28,Boston Bruins,7,Los Angeles Kings,0,,16067,2:35,
2022-02-28,Vancouver Canucks,2,New Jersey Devils,7,,11693,2:28,
2022-02-28,Toronto Maple Leafs,5,Washington Capitals,3,,18573,2:30,
2022-03-01,Boston Bruins,3,Anaheim Ducks,4,,11567,2:32,
2022-03-01,New Jersey Devils,3,Columbus Blue Jackets,4,,13678,2:38,
2022-03-01,New York Islanders,3,Colorado Avalanche,5,,17622,2:23,
2022-03-01,Carolina Hurricanes,3,Detroit Red Wings,4,OT,14874,2:41,
2022-03-01,Calgary Flames,5,Minnesota Wild,1,,16998,2:29,
2022-03-01,Edmonton Oilers,3,Philadelphia Flyers,0,,15114,2:28,
2022-03-01,Ottawa Senators,2,Tampa Bay Lightning,5,,19092,2:35,
2022-03-01,San Jose Sharks,1,Vegas Golden Knights,3,,17819,2:20,
2022-03-01,Montreal Canadiens,4,Winnipeg Jets,8,,13816,2:35,
2022-03-02,Los Angeles Kings,3,Dallas Stars,4,,18046,2:31,
2022-03-02,St. Louis Blues,3,New York Rangers,5,,16870,2:25,
2022-03-02,Nashville Predators,3,Seattle Kraken,4,,17151,2:28,
2022-03-02,Buffalo Sabres,5,Toronto Maple Leafs,1,,17122,2:19,
2022-03-03,Colorado Avalanche,1,Arizona Coyotes,2,,10840,2:25,
2022-03-03,Montreal Canadiens,5,Calgary Flames,4,OT,16288,2:33,
2022-03-03,Edmonton Oilers,3,Chicago Blackhawks,4,OT,19688,2:34,
2022-03-03,Ottawa Senators,0,Florida Panthers,3,,16499,2:36,
2022-03-03,Vancouver Canucks,4,New York Islanders,3,,16412,2:24,
2022-03-03,Minnesota Wild,5,Philadelphia Flyers,4,,13876,2:32,
2022-03-03,Pittsburgh Penguins,5,Tampa Bay Lightning,1,,19092,2:37,
2022-03-03,Boston Bruins,5,Vegas Golden Knights,2,,18109,2:26,
2022-03-03,Carolina Hurricanes,0,Washington Capitals,4,,18573,2:22,
2022-03-04,Vegas Golden Knights,5,Anaheim Ducks,4,,12586,2:31,
2022-03-04,Minnesota Wild,4,Buffalo Sabres,5,,8462,2:29,
2022-03-04,Pittsburgh Penguins,2,Carolina Hurricanes,3,OT,19023,2:40,
2022-03-04,Los Angeles Kings,4,Columbus Blue Jackets,3,OT,15778,2:28,
2022-03-04,New Jersey Devils,1,New York Rangers,3,,18006,2:25,
2022-03-04,Detroit Red Wings,1,Tampa Bay Lightning,3,,19092,2:27,
2022-03-04,Dallas Stars,4,Winnipeg Jets,3,OT,13466,2:34,
2022-03-05,Ottawa Senators,5,Arizona Coyotes,8,,11810,2:27,
2022-03-05,Boston Bruins,5,Columbus Blue Jackets,4,SO,19434,2:39,
2022-03-05,Calgary Flames,4,Colorado Avalanche,3,OT,18087,2:33,
2022-03-05,Montreal Canadiens,5,Edmonton Oilers,2,,18258,2:31,
2022-03-05,Detroit Red Wings,2,Florida Panthers,6,,15890,2:21,
2022-03-05,St. Louis Blues,1,New York Islanders,2,,17255,2:30,
2022-03-05,Chicago Blackhawks,3,Philadelphia Flyers,4,,18448,2:38,
2022-03-05,Nashville Predators,8,San Jose Sharks,0,,13936,2:31,
2022-03-05,Vancouver Canucks,6,Toronto Maple Leafs,4,,17534,2:29,
2022-03-05,Seattle Kraken,2,Washington Capitals,5,,18573,2:25,
2022-03-06,San Jose Sharks,2,Anaheim Ducks,3,OT,12183,2:29,
2022-03-06,Los Angeles Kings,3,Buffalo Sabres,0,,10775,2:32,
2022-03-06,Seattle Kraken,2,Carolina Hurricanes,3,,18156,2:33,
2022-03-06,Tampa Bay Lightning,6,Chicago Blackhawks,3,,18856,2:23,
2022-03-06,Dallas Stars,6,Minnesota Wild,3,,18791,2:42,
2022-03-06,St. Louis Blues,2,New Jersey Devils,3,OT,14923,2:25,
2022-03-06,Ottawa Senators,1,Vegas Golden Knights,2,,17909,2:31,
2022-03-06,New York Rangers,4,Winnipeg Jets,1,,12867,2:16,
2022-03-07,Los Angeles Kings,3,Boston Bruins,2,OT,17850,2:43,
2022-03-07,Florida Panthers,6,Buffalo Sabres,1,,7906,2:24,
2022-03-07,Toronto Maple Leafs,5,Columbus Blue Jackets,4,,14252,2:35,
2022-03-07,Edmonton Oilers,1,Calgary Flames,3,,17246,2:31,
2022-03-07,Colorado Avalanche,5,New York Islanders,4,,16378,2:31,
2022-03-08,Washington Capitals,5,Calgary Flames,4,,15628,2:30,
2022-03-08,Anaheim Ducks,3,Chicago Blackhawks,8,,18591,2:25,
2022-03-08,Arizona Coyotes,9,Detroit Red Wings,2,,14621,2:29,
2022-03-08,New York Rangers,2,Minnesota Wild,5,,18356,2:21,
2022-03-08,Colorado Avalanche,3,New Jersey Devils,5,,12181,2:30,
2022-03-08,Dallas Stars,1,Nashville Predators,2,,17306,2:18,
2022-03-08,Vegas Golden Knights,1,Philadelphia Flyers,2,,14482,2:36,
2022-03-08,Florida Panthers,4,Pittsburgh Penguins,3,,17876,2:29,
2022-03-08,Ottawa Senators,4,St. Louis Blues,1,,18096,2:17,
2022-03-08,Seattle Kraken,4,Toronto Maple Leafs,6,,17547,2:30,
2022-03-08,Tampa Bay Lightning,4,Winnipeg Jets,7,,12925,2:18,
2022-03-09,Washington Capitals,3,Edmonton Oilers,4,OT,16368,2:41,
2022-03-09,Montreal Canadiens,3,Vancouver Canucks,5,,18645,2:26,
2022-03-10,Chicago Blackhawks,3,Boston Bruins,4,,17850,2:31,
2022-03-10,Vegas Golden Knights,1,Buffalo Sabres,3,,12437,2:24,
2022-03-10,Colorado Avalanche,0,Carolina Hurricanes,2,,18056,2:26,
2022-03-10,Tampa Bay Lightning,1,Calgary Flames,4,,15689,2:25,
2022-03-10,Minnesota Wild,6,Detroit Red Wings,5,SO,17461,2:52,
2022-03-10,Philadelphia Flyers,3,Florida Panthers,6,,17193,2:42,
2022-03-10,San Jose Sharks,4,Los Angeles Kings,3,OT,14228,2:28,
2022-03-10,Winnipeg Jets,2,New Jersey Devils,1,,12377,2:16,
2022-03-10,Anaheim Ducks,1,Nashville Predators,4,,17159,2:38,
2022-03-10,Columbus Blue Jackets,0,New York Islanders,6,,16048,2:31,
2022-03-10,Seattle Kraken,3,Ottawa Senators,4,OT,11622,2:29,
2022-03-10,New York Rangers,2,St. Louis Blues,6,,18096,2:24,
2022-03-10,Arizona Coyotes,5,Toronto Maple Leafs,4,OT,17351,2:26,
2022-03-11,Minnesota Wild,2,Columbus Blue Jackets,3,SO,16399,2:41,
2022-03-11,Winnipeg Jets,2,New York Islanders,5,,17255,2:27,
2022-03-11,Vegas Golden Knights,2,Pittsburgh Penguins,5,,18341,2:23,
2022-03-11,Washington Capitals,4,Vancouver Canucks,3,OT,18814,2:33,
2022-03-12,Arizona Coyotes,2,Boston Bruins,3,,17850,2:24,
2022-03-12,Philadelphia Flyers,1,Carolina Hurricanes,3,,18680,2:23,
2022-03-12,Detroit Red Wings,0,Calgary Flames,3,,17658,2:28,
2022-03-12,New York Rangers,7,Dallas Stars,4,,18532,2:27,
2022-03-12,Tampa Bay Lightning,1,Edmonton Oilers,4,,17528,2:39,
2022-03-12,Seattle Kraken,4,Montreal Canadiens,3,SO,20608,2:51,
2022-03-12,Anaheim Ducks,1,New Jersey Devils,2,SO,14783,2:30,
2022-03-12,St. Louis Blues,7,Nashville Predators,4,,17565,2:32,
2022-03-12,Chicago Blackhawks,6,Ottawa Senators,3,,14252,2:26,
2022-03-12,Los Angeles Kings,0,San Jose Sharks,5,,13821,2:18,
2022-03-13,Toronto Maple Leafs,2,Buffalo Sabres,5,,26119,2:46,at Tim Horton's Field (ON Ha)
2022-03-13,Vegas Golden Knights,4,Columbus Blue Jackets,6,,16087,2:33,
2022-03-13,Calgary Flames,0,Colorado Avalanche,3,,18081,2:27,
2022-03-13,Florida Panthers,2,Los Angeles Kings,3,SO,15822,2:39,
2022-03-13,Nashville Predators,6,Minnesota Wild,2,,19009,2:29,
2022-03-13,Anaheim Ducks,3,New York Islanders,4,,17255,2:30,
2022-03-13,Montreal Canadiens,4,Philadelphia Flyers,3,OT,15451,2:35,
2022-03-13,Carolina Hurricanes,2,Pittsburgh Penguins,4,,17866,2:38,
2022-03-13,Winnipeg Jets,4,St. Louis Blues,3,OT,18096,2:28,
2022-03-13,Tampa Bay Lightning,2,Vancouver Canucks,1,,18760,2:28,
2022-03-14,Arizona Coyotes,5,Ottawa Senators,3,,9201,2:22,
2022-03-15,Boston Bruins,2,Chicago Blackhawks,1,OT,19629,2:34,
2022-03-15,Detroit Red Wings,5,Edmonton Oilers,7,,15311,2:30,
2022-03-15,Colorado Avalanche,3,Los Angeles Kings,0,,13967,2:26,
2022-03-15,Arizona Coyotes,6,Montreal Canadiens,3,,20532,2:26,
2022-03-15,Pittsburgh Penguins,1,Nashville Predators,4,,17498,2:23,
2022-03-15,Anaheim Ducks,3,New York Rangers,4,OT,18006,2:28,
2022-03-15,Florida Panthers,3,San Jose Sharks,2,OT,12276,2:33,
2022-03-15,Dallas Stars,0,Toronto Maple Leafs,4,,18543,2:22,
2022-03-15,New Jersey Devils,3,Vancouver Canucks,6,,18562,2:32,
2022-03-15,Vegas Golden Knights,3,Winnipeg Jets,7,,13470,2:25,
2022-03-15,New York Islanders,3,Washington Capitals,4,SO,18573,2:45,
2022-03-16,New Jersey Devils,3,Calgary Flames,6,,15488,2:26,
2022-03-16,Boston Bruins,2,Minnesota Wild,4,,17956,2:40,
2022-03-16,Columbus Blue Jackets,4,Ottawa Senators,1,,10087,2:23,
2022-03-16,Tampa Bay Lightning,4,Seattle Kraken,1,,17151,2:27,
2022-03-17,Washington Capitals,7,Columbus Blue Jackets,2,,15911,2:36,
2022-03-17,Buffalo Sabres,1,Edmonton Oilers,6,,15883,2:28,
2022-03-17,San Jose Sharks,0,Los Angeles Kings,3,,13137,2:17,
2022-03-17,Dallas Stars,4,Montreal Canadiens,3,OT,20714,2:41,
2022-03-17,New York Islanders,2,New York Rangers,1,,18006,2:16,
2022-03-17,Nashville Predators,4,Philadelphia Flyers,5,,18405,2:43,
2022-03-17,Pittsburgh Penguins,3,St. Louis Blues,2,SO,18096,2:43,
2022-03-17,Carolina Hurricanes,2,Toronto Maple Leafs,3,,18134,2:19,
2022-03-17,Detroit Red Wings,1,Vancouver Canucks,0,,18893,2:26,
2022-03-17,Florida Panthers,3,Vegas Golden Knights,5,,18265,2:33,
2022-03-18,Florida Panthers,3,Anaheim Ducks,0,,12296,2:28,
2022-03-18,Washington Capitals,4,Carolina Hurricanes,3,SO,18680,2:59,
2022-03-18,Buffalo Sabres,1,Calgary Flames,0,OT,16685,2:23,
2022-03-18,Philadelphia Flyers,1,Ottawa Senators,3,,11431,2:34,
2022-03-18,Colorado Avalanche,5,San Jose Sharks,3,,13022,2:27,
2022-03-18,Boston Bruins,4,Winnipeg Jets,2,,14191,2:30,
2022-03-19,Pittsburgh Penguins,4,Arizona Coyotes,1,,14507,2:19,
2022-03-19,St. Louis Blues,4,Columbus Blue Jackets,5,,19005,2:29,
2022-03-19,New Jersey Devils,3,Edmonton Oilers,6,,16950,2:35,
2022-03-19,Chicago Blackhawks,1,Minnesota Wild,3,,19226,2:26,
2022-03-19,Ottawa Senators,1,Montreal Canadiens,5,,21105,2:29,
2022-03-19,Toronto Maple Leafs,3,Nashville Predators,6,,17692,2:38,
2022-03-19,Dallas Stars,2,New York Islanders,4,,17255,2:26,
2022-03-19,Detroit Red Wings,2,Seattle Kraken,4,,17151,2:30,
2022-03-19,New York Rangers,2,Tampa Bay Lightning,1,,19092,2:34,
2022-03-19,Calgary Flames,5,Vancouver Canucks,2,,18865,2:22,
2022-03-19,Los Angeles Kings,1,Vegas Golden Knights,5,,18136,2:28,
2022-03-20,New York Rangers,2,Carolina Hurricanes,0,,18680,2:23,
2022-03-20,Winnipeg Jets,6,Chicago Blackhawks,4,,19251,2:25,
2022-03-20,New York Islanders,1,Philadelphia Flyers,2,,17218,2:24,
2022-03-20,Arizona Coyotes,2,San Jose Sharks,4,,13349,2:18,
2022-03-20,Buffalo Sabres,3,Vancouver Canucks,2,OT,18873,2:32,
2022-03-20,Dallas Stars,3,Washington Capitals,2,,18573,2:33,
2022-03-21,Nashville Predators,6,Anaheim Ducks,3,,11679,2:33,
2022-03-21,Edmonton Oilers,2,Colorado Avalanche,3,OT,18022,2:30,
2022-03-21,Vegas Golden Knights,0,Minnesota Wild,3,,17498,2:20,
2022-03-21,Boston Bruins,3,Montreal Canadiens,2,OT,20922,2:27,
2022-03-22,Seattle Kraken,4,Arizona Coyotes,2,,11670,2:19,
2022-03-22,Tampa Bay Lightning,2,Carolina Hurricanes,3,,16783,2:41,
2022-03-22,San Jose Sharks,4,Calgary Flames,3,,15594,2:29,
2022-03-22,Edmonton Oilers,3,Dallas Stars,5,,18532,2:28,
2022-03-22,Philadelphia Flyers,3,Detroit Red Wings,6,,15521,2:30,
2022-03-22,Nashville Predators,1,Los Angeles Kings,6,,12629,2:21,
2022-03-22,New York Rangers,4,New Jersey Devils,7,,16514,2:25,
2022-03-22,Ottawa Senators,0,New York Islanders,3,,15856,2:17,
2022-03-22,Columbus Blue Jackets,1,Pittsburgh Penguins,5,,18196,2:21,
2022-03-22,Vegas Golden Knights,0,Winnipeg Jets,4,,13690,2:23,
2022-03-22,St. Louis Blues,5,Washington Capitals,2,,18573,2:18,
2022-03-23,Chicago Blackhawks,4,Anaheim Ducks,2,,11740,2:30,
2022-03-23,Pittsburgh Penguins,3,Buffalo Sabres,4,SO,9399,2:35,
2022-03-23,Vancouver Canucks,3,Colorado Avalanche,1,,17482,2:21,
2022-03-23,New Jersey Devils,2,Toronto Maple Leafs,3,,18739,2:27,
2022-03-24,Tampa Bay Lightning,2,Boston Bruins,3,,17850,2:39,
2022-03-24,Dallas Stars,4,Carolina Hurricanes,3,SO,16421,2:41,
2022-03-24,San Jose Sharks,2,Edmonton Oilers,5,,16740,2:30,
2022-03-24,Chicago Blackhawks,4,Los Angeles Kings,3,SO,13518,2:38,
2022-03-24,Vancouver Canucks,2,Minnesota Wild,3,OT,17333,2:39,
2022-03-24,Florida Panthers,4,Montreal Canadiens,3,,20788,2:34,
2022-03-24,Detroit Red Wings,2,New York Islanders,5,,16429,2:19,
2022-03-24,Philadelphia Flyers,5,St. Louis Blues,2,,18096,2:19,
2022-03-24,Nashville Predators,1,Vegas Golden Knights,6,,18021,2:42,
2022-03-24,Ottawa Senators,5,Winnipeg Jets,2,,14175,2:24,
2022-03-25,Washington Capitals,4,Buffalo Sabres,3,SO,9740,2:35,
2022-03-25,Arizona Coyotes,2,Calgary Flames,4,,16526,2:23,
2022-03-25,Philadelphia Flyers,3,Colorado Avalanche,6,,18051,2:33,
2022-03-25,Pittsburgh Penguins,1,New York Rangers,5,,18006,2:20,
2022-03-25,Columbus Blue Jackets,3,Winnipeg Jets,4,OT,13475,2:30,
2022-03-26,New York Islanders,3,Boston Bruins,6,,17850,2:32,
2022-03-26,Edmonton Oilers,5,Calgary Flames,9,,19289,2:40,
2022-03-26,Vancouver Canucks,4,Dallas Stars,1,,18532,2:36,
2022-03-26,Tampa Bay Lightning,2,Detroit Red Wings,1,OT,19515,2:44,
2022-03-26,Seattle Kraken,2,Los Angeles Kings,4,,18230,2:20,
2022-03-26,Columbus Blue Jackets,2,Minnesota Wild,3,OT,19089,2:41,
2022-03-26,Toronto Maple Leafs,2,Montreal Canadiens,4,,21105,2:30,
2022-03-26,Florida Panthers,4,Ottawa Senators,3,SO,17201,2:54,
2022-03-26,Anaheim Ducks,1,San Jose Sharks,4,,14161,2:19,
2022-03-26,Carolina Hurricanes,7,St. Louis Blues,2,,18096,2:28,
2022-03-26,Chicago Blackhawks,4,Vegas Golden Knights,5,OT,18301,2:33,
2022-03-26,New Jersey Devils,3,Washington Capitals,4,,18573,2:30,
2022-03-27,Colorado Avalanche,2,Minnesota Wild,3,OT,19140,2:43,
2022-03-27,Montreal Canadiens,2,New Jersey Devils,3,SO,12080,2:42,
2022-03-27,Philadelphia Flyers,4,Nashville Predators,5,,17414,2:29,
2022-03-27,Tampa Bay Lightning,4,New York Islanders,1,,17255,2:39,
2022-03-27,Buffalo Sabres,4,New York Rangers,5,OT,18006,2:25,
2022-03-27,Detroit Red Wings,2,Pittsburgh Penguins,11,,17842,2:34,
2022-03-27,Florida Panthers,2,Toronto Maple Leafs,5,,18939,2:32,
2022-03-27,Arizona Coyotes,1,Winnipeg Jets,2,OT,13825,2:27,
2022-03-28,Buffalo Sabres,6,Chicago Blackhawks,5,,18648,2:23,
2022-03-28,Arizona Coyotes,1,Edmonton Oilers,6,,15237,2:25,
2022-03-28,Seattle Kraken,6,Los Angeles Kings,1,,13919,2:30,
2022-03-28,Vancouver Canucks,1,St. Louis Blues,4,,18096,2:19,
2022-03-28,Carolina Hurricanes,6,Washington Capitals,1,,18573,2:25,
2022-03-29,Dallas Stars,3,Anaheim Ducks,2,,12617,2:30,
2022-03-29,Toronto Maple Leafs,6,Boston Bruins,4,,17850,2:34,
2022-03-29,New York Islanders,4,Columbus Blue Jackets,3,,15557,2:22,
2022-03-29,Colorado Avalanche,2,Calgary Flames,1,,16543,2:40,
2022-03-29,Montreal Canadiens,4,Florida Panthers,7,,15587,2:39,
2022-03-29,Philadelphia Flyers,1,Minnesota Wild,4,,17874,2:25,
2022-03-29,Ottawa Senators,1,Nashville Predators,4,,17176,2:41,
2022-03-29,New York Rangers,3,Pittsburgh Penguins,2,,18011,2:17,
2022-03-29,Carolina Hurricanes,3,Tampa Bay Lightning,4,OT,19092,2:37,
2022-03-30,San Jose Sharks,2,Arizona Coyotes,5,,9949,2:23,
2022-03-30,Winnipeg Jets,3,Buffalo Sabres,2,SO,8055,2:30,
2022-03-30,New York Rangers,5,Detroit Red Wings,4,OT,16375,2:27,
2022-03-30,Los Angeles Kings,3,Edmonton Oilers,4,SO,16472,2:38,
2022-03-30,Vegas Golden Knights,3,Seattle Kraken,0,,17151,2:19,
2022-03-30,St. Louis Blues,4,Vancouver Canucks,3,,18809,2:22,
2022-03-31,Dallas Stars,3,Anaheim Ducks,2,OT,12385,2:30,
2022-03-31,New Jersey Devils,1,Boston Bruins,8,,17850,2:49,
2022-03-31,Montreal Canadiens,0,Carolina Hurricanes,4,,15289,2:30,
2022-03-31,Los Angeles Kings,3,Calgary Flames,2,SO,16398,2:34,
2022-03-31,San Jose Sharks,2,Colorado Avalanche,4,,18013,2:25,
2022-03-31,Chicago Blackhawks,0,Florida Panthers,4,,15218,2:30,
2022-03-31,Pittsburgh Penguins,4,Minnesota Wild,3,OT,18978,2:41,
2022-03-31,Columbus Blue Jackets,2,New York Islanders,5,,17255,2:19,
2022-03-31,Winnipeg Jets,3,Toronto Maple Leafs,7,,18517,2:39,
2022-04-01,Anaheim Ducks,5,Arizona Coyotes,0,,13587,2:27,
2022-04-01,Nashville Predators,3,Buffalo Sabres,4,,19070,2:22,
2022-04-01,Ottawa Senators,5,Detroit Red Wings,2,,17563,2:32,
2022-04-01,St. Louis Blues,5,Edmonton Oilers,6,OT,16310,2:34,
2022-04-01,New York Islanders,3,New York Rangers,0,,17325,2:21,
2022-04-01,Vegas Golden Knights,5,Seattle Kraken,2,,17151,2:29,
2022-04-01,Chicago Blackhawks,2,Tampa Bay Lightning,5,,19092,2:24,
2022-04-02,Columbus Blue Jackets,2,Boston Bruins,5,,17850,2:23,
2022-04-02,Minnesota Wild,3,Carolina Hurricanes,1,,16375,2:35,
2022-04-02,St. Louis Blues,6,Calgary Flames,4,,16422,2:32,
2022-04-02,Pittsburgh Penguins,2,Colorado Avalanche,3,,18102,2:37,
2022-04-02,Florida Panthers,7,New Jersey Devils,6,OT,12284,2:29,
2022-04-02,Toronto Maple Leafs,6,Philadelphia Flyers,3,,17097,2:24,
2022-04-02,Dallas Stars,5,San Jose Sharks,4,,14021,2:19,
2022-04-02,Montreal Canadiens,5,Tampa Bay Lightning,4,SO,19092,2:43,
2022-04-02,Los Angeles Kings,3,Winnipeg Jets,2,,14067,2:25,
2022-04-03,Edmonton Oilers,6,Anaheim Ducks,1,,13689,2:30,
2022-04-03,Florida Panthers,5,Buffalo Sabres,3,,11787,2:29,
2022-04-03,Arizona Coyotes,3,Chicago Blackhawks,2,OT,19869,2:30,
2022-04-03,New York Islanders,4,New Jersey Devils,3,,14620,2:26,
2022-04-03,Philadelphia Flyers,4,New York Rangers,3,SO,16005,2:40,
2022-04-03,Detroit Red Wings,2,Ottawa Senators,5,,16402,2:27,
2022-04-03,Dallas Stars,1,Seattle Kraken,4,,17151,2:27,
2022-04-03,Vegas Golden Knights,3,Vancouver Canucks,2,OT,18969,2:27,
2022-04-03,Minnesota Wild,5,Washington Capitals,1,,18573,2:28,
2022-04-04,Boston Bruins,3,Columbus Blue Jackets,2,OT,16396,2:45,
2022-04-04,Calgary Flames,3,Los Angeles Kings,2,,13464,2:30,
2022-04-04,Arizona Coyotes,1,St. Louis Blues,5,,17163,2:19,
2022-04-04,Toronto Maple Leafs,6,Tampa Bay Lightning,2,,19092,2:31,
2022-04-05,Carolina Hurricanes,2,Buffalo Sabres,4,,8984,2:25,
2022-04-05,New York Islanders,2,Dallas Stars,3,,17876,2:24,
2022-04-05,Boston Bruins,3,Detroit Red Wings,5,,15734,2:35,
2022-04-05,Toronto Maple Leafs,6,Florida Panthers,7,OT,15260,2:49,
2022-04-05,Ottawa Senators,6,Montreal Canadiens,3,,20566,2:27,
2022-04-05,New York Rangers,3,New Jersey Devils,1,,15020,2:20,
2022-04-05,Minnesota Wild,2,Nashville Predators,6,,17244,2:43,
2022-04-05,Columbus Blue Jackets,4,Philadelphia Flyers,2,,14367,2:24,
2022-04-05,Colorado Avalanche,6,Pittsburgh Penguins,4,,17409,2:31,
2022-04-05,Edmonton Oilers,2,San Jose Sharks,1,OT,12046,2:20,
2022-04-06,Calgary Flames,4,Anaheim Ducks,2,,13417,2:21,
2022-04-06,Seattle Kraken,1,St. Louis Blues,4,,18096,2:21,
2022-04-06,Vancouver Canucks,5,Vegas Golden Knights,1,,18113,2:20,
2022-04-06,Detroit Red Wings,3,Winnipeg Jets,1,,13484,2:21,
2022-04-06,Tampa Bay Lightning,3,Washington Capitals,4,,18573,2:38,
2022-04-07,Vancouver Canucks,5,Arizona Coyotes,1,,9679,2:14,
2022-04-07,Buffalo Sabres,3,Carolina Hurricanes,5,,15639,2:18,
2022-04-07,Philadelphia Flyers,4,Columbus Blue Jackets,1,,17118,2:11,
2022-04-07,Seattle Kraken,2,Chicago Blackhawks,0,,18677,2:16,
2022-04-07,Toronto Maple Leafs,4,Dallas Stars,3,OT,18012,2:31,
2022-04-07,Edmonton Oilers,3,Los Angeles Kings,2,,15149,2:21,
2022-04-07,Montreal Canadiens,7,New Jersey Devils,4,,10435,2:24,
2022-04-07,Pittsburgh Penguins,0,New York Rangers,3,,16694,2:24,
2022-04-07,Nashville Predators,3,Ottawa Senators,2,,12103,2:42,
2022-04-07,Calgary Flames,4,San Jose Sharks,2,,11426,2:27,
2022-04-08,New York Islanders,2,Carolina Hurricanes,1,,17279,2:18,
2022-04-08,Buffalo Sabres,3,Florida Panthers,4,,17728,2:20,
2022-04-08,Minnesota Wild,3,St. Louis Blues,4,OT,18096,2:35,
2022-04-08,Boston Bruins,2,Tampa Bay Lightning,1,OT,19092,2:34,
2022-04-08,Colorado Avalanche,5,Winnipeg Jets,4,OT,13900,2:35,
2022-04-09,New Jersey Devils,3,Dallas Stars,1,,18127,2:23,
2022-04-09,Columbus Blue Jackets,5,Detroit Red Wings,4,OT,19515,2:34,
2022-04-09,Colorado Avalanche,2,Edmonton Oilers,1,SO,18347,2:37,
2022-04-09,Florida Panthers,4,Nashville Predators,1,,17465,2:30,
2022-04-09,Ottawa Senators,1,New York Rangers,5,,18006,2:26,
2022-04-09,Anaheim Ducks,5,Philadelphia Flyers,3,,17455,2:28,
2022-04-09,Washington Capitals,6,Pittsburgh Penguins,3,,18404,2:39,
2022-04-09,Calgary Flames,4,Seattle Kraken,1,,17151,2:24,
2022-04-09,New York Islanders,1,St. Louis Blues,6,,18096,2:27,
2022-04-09,Montreal Canadiens,2,Toronto Maple Leafs,3,,19113,2:28,
2022-04-09,San Jose Sharks,2,Vancouver Canucks,4,,18607,2:34,
2022-04-09,Arizona Coyotes,1,Vegas Golden Knights,6,,18123,2:23,
2022-04-10,Anaheim Ducks,2,Carolina Hurricanes,5,,17342,2:36,
2022-04-10,Dallas Stars,6,Chicago Blackhawks,4,,18809,2:25,
2022-04-10,Los Angeles Kings,3,Minnesota Wild,6,,19104,2:29,
2022-04-10,Winnipeg Jets,4,Ottawa Senators,3,,12207,2:33,
2022-04-10,Nashville Predators,2,Pittsburgh Penguins,3,OT,17553,2:35,
2022-04-10,Buffalo Sabres,0,Tampa Bay Lightning,5,,19092,2:22,
2022-04-10,Boston Bruins,2,Washington Capitals,4,,18573,2:39,
2022-04-11,Winnipeg Jets,4,Montreal Canadiens,2,,20728,2:23,
2022-04-12,New Jersey Devils,6,Arizona Coyotes,2,,8679,2:23,
2022-04-12,St. Louis Blues,4,Boston Bruins,2,,17850,2:31,
2022-04-12,Seattle Kraken,3,Calgary Flames,5,,16392,2:28,
2022-04-12,Los Angeles Kings,5,Chicago Blackhawks,2,,18032,2:19,
2022-04-12,Tampa Bay Lightning,0,Dallas Stars,1,,17567,2:28,
2022-04-12,Ottawa Senators,4,Detroit Red Wings,1,,16093,2:24,
2022-04-12,Anaheim Ducks,2,Florida Panthers,3,OT,16204,2:32,
2022-04-12,Edmonton Oilers,1,Minnesota Wild,5,,19035,2:32,
2022-04-12,San Jose Sharks,0,Nashville Predators,1,OT,17159,2:38,
2022-04-12,Pittsburgh Penguins,4,New York Islanders,5,SO,15924,2:40,
2022-04-12,Carolina Hurricanes,4,New York Rangers,2,,18006,2:26,
2022-04-12,Buffalo Sabres,5,Toronto Maple Leafs,2,,18393,2:24,
2022-04-12,Vegas Golden Knights,4,Vancouver Canucks,5,OT,18717,2:30,
2022-04-12,Philadelphia Flyers,2,Washington Capitals,9,,18573,2:29,
2022-04-13,Montreal Canadiens,1,Columbus Blue Jackets,5,,16708,2:24,
2022-04-13,Los Angeles Kings,3,Colorado Avalanche,9,,18017,2:22,
2022-04-13,New York Rangers,4,Philadelphia Flyers,0,,15967,2:19,
2022-04-14,Ottawa Senators,3,Boston Bruins,2,,17850,2:39,
2022-04-14,St. Louis Blues,6,Buffalo Sabres,2,,11565,2:22,
2022-04-14,Detroit Red Wings,3,Carolina Hurricanes,0,,17811,2:31,
2022-04-14,Vegas Golden Knights,6,Calgary Flames,1,,17070,2:30,
2022-04-14,San Jose Sharks,4,Chicago Blackhawks,5,SO,19501,2:45,
2022-04-14,New Jersey Devils,1,Colorado Avalanche,3,,18024,2:20,
2022-04-14,Minnesota Wild,3,Dallas Stars,2,OT,18110,2:31,
2022-04-14,Edmonton Oilers,4,Nashville Predators,0,,17403,2:34,
2022-04-14,New York Islanders,3,Pittsburgh Penguins,6,,18236,2:29,
2022-04-14,Anaheim Ducks,3,Tampa Bay Lightning,4,OT,19092,2:35,
2022-04-14,Washington Capitals,3,Toronto Maple Leafs,7,,18466,2:30,
2022-04-14,Arizona Coyotes,1,Vancouver Canucks,7,,18890,2:22,
2022-04-15,Winnipeg Jets,1,Florida Panthers,6,,17625,2:27,
2022-04-15,New York Islanders,3,Montreal Canadiens,0,,21105,2:22,
2022-04-16,Pittsburgh Penguins,1,Boston Bruins,2,,17850,2:26,
2022-04-16,Philadelphia Flyers,3,Buffalo Sabres,4,,11046,2:24,
2022-04-16,Arizona Coyotes,1,Calgary Flames,9,,16823,2:26,
2022-04-16,Carolina Hurricanes,4,Colorado Avalanche,7,,18091,2:34,
2022-04-16,San Jose Sharks,1,Dallas Stars,2,,18532,2:22,
2022-04-16,Vegas Golden Knights,0,Edmonton Oilers,4,,17757,2:31,
2022-04-16,Columbus Blue Jackets,1,Los Angeles Kings,2,,18230,2:23,
2022-04-16,Washington Capitals,8,Montreal Canadiens,4,,21105,2:43,
2022-04-16,Chicago Blackhawks,3,Nashville Predators,4,,17159,2:36,
2022-04-16,Detroit Red Wings,0,New York Rangers,4,,18006,2:18,
2022-04-16,Toronto Maple Leafs,5,Ottawa Senators,4,OT,18655,2:35,
2022-04-16,New Jersey Devils,3,Seattle Kraken,4,SO,17151,2:40,
2022-04-16,Minnesota Wild,5,St. Louis Blues,6,OT,18096,2:43,
2022-04-16,Winnipeg Jets,4,Tampa Bay Lightning,7,,19092,2:27,
2022-04-17,Columbus Blue Jackets,4,Anaheim Ducks,6,,13635,2:24,
2022-04-17,Florida Panthers,6,Detroit Red Wings,1,,14566,2:23,
2022-04-17,San Jose Sharks,4,Minnesota Wild,5,OT,19029,2:28,
2022-04-17,St. Louis Blues,8,Nashville Predators,3,,17277,2:30,
2022-04-17,Buffalo Sabres,5,Philadelphia Flyers,3,,14377,2:28,
2022-04-17,New York Islanders,2,Toronto Maple Leafs,4,,17464,2:29,
2022-04-18,Carolina Hurricanes,5,Arizona Coyotes,3,,8496,2:27,
2022-04-18,Calgary Flames,5,Chicago Blackhawks,2,,18523,2:23,
2022-04-18,Washington Capitals,3,Colorado Avalanche,2,,18020,2:28,
2022-04-18,Ottawa Senators,2,Seattle Kraken,4,,17151,2:31,
2022-04-18,Dallas Stars,2,Vancouver Canucks,6,,18890,2:29,
2022-04-18,New Jersey Devils,3,Vegas Golden Knights,2,,18077,2:24,
2022-04-19,Los Angeles Kings,2,Anaheim Ducks,1,,17174,2:24,
2022-04-19,Minnesota Wild,2,Montreal Canadiens,0,,20725,2:26,
2022-04-19,Calgary Flames,2,Nashville Predators,3,SO,17237,2:43,
2022-04-19,Florida Panthers,3,New York Islanders,2,OT,17255,2:28,
2022-04-19,Winnipeg Jets,0,New York Rangers,3,,18006,2:23,
2022-04-19,Columbus Blue Jackets,2,San Jose Sharks,3,,11894,2:18,
2022-04-19,Boston Bruins,3,St. Louis Blues,2,OT,18096,2:29,
2022-04-19,Detroit Red Wings,4,Tampa Bay Lightning,3,,19092,2:31,
2022-04-19,Philadelphia Flyers,2,Toronto Maple Leafs,5,,18291,2:29,
2022-04-19,Ottawa Senators,4,Vancouver Canucks,3,SO,18845,0:28,
2022-04-20,Chicago Blackhawks,4,Arizona Coyotes,3,OT,11916,2:35,
2022-04-20,Dallas Stars,2,Edmonton Oilers,5,,16833,2:27,
2022-04-20,Colorado Avalanche,2,Seattle Kraken,3,,17151,2:17,
2022-04-20,Washington Capitals,3,Vegas Golden Knights,4,OT,18240,2:38,
2022-04-21,Winnipeg Jets,2,Carolina Hurricanes,4,,17587,2:26,
2022-04-21,Dallas Stars,2,Calgary Flames,4,,17280,2:27,
2022-04-21,Detroit Red Wings,2,Florida Panthers,5,,16238,2:26,
2022-04-21,Chicago Blackhawks,1,Los Angeles Kings,4,,18230,2:17,
2022-04-21,Vancouver Canucks,3,Minnesota Wild,6,,17894,2:28,
2022-04-21,Philadelphia Flyers,6,Montreal Canadiens,3,,21105,2:30,
2022-04-21,Buffalo Sabres,5,New Jersey Devils,2,,12014,2:19,
2022-04-21,New York Rangers,6,New York Islanders,3,,17255,2:16,
2022-04-21,Boston Bruins,0,Pittsburgh Penguins,4,,18350,2:30,
2022-04-21,St. Louis Blues,3,San Jose Sharks,1,,12136,2:15,
2022-04-21,Toronto Maple Leafs,1,Tampa Bay Lightning,8,,19092,2:47,
2022-04-22,Washington Capitals,2,Arizona Coyotes,0,,14053,2:23,
2022-04-22,Ottawa Senators,2,Columbus Blue Jackets,1,SO,18116,2:40,
2022-04-22,Colorado Avalanche,3,Edmonton Oilers,6,,18347,2:29,
2022-04-22,Seattle Kraken,3,Minnesota Wild,6,,19047,2:26,
2022-04-23,St. Louis Blues,5,Arizona Coyotes,4,OT,12717,2:23,
2022-04-23,New York Rangers,1,Boston Bruins,3,,17850,2:26,
2022-04-23,New York Islanders,3,Buffalo Sabres,5,,12955,2:21,
2022-04-23,Vancouver Canucks,3,Calgary Flames,6,,17533,2:31,
2022-04-23,Seattle Kraken,2,Dallas Stars,3,,18532,2:29,
2022-04-23,Pittsburgh Penguins,7,Detroit Red Wings,2,,19515,2:26,
2022-04-23,Toronto Maple Leafs,2,Florida Panthers,3,OT,17132,2:29,
2022-04-23,Anaheim Ducks,2,Los Angeles Kings,4,,18230,2:28,
2022-04-23,Carolina Hurricanes,3,New Jersey Devils,2,OT,10376,2:27,
2022-04-23,Montreal Canadiens,4,Ottawa Senators,6,,19410,2:37,
2022-04-23,Chicago Blackhawks,1,San Jose Sharks,4,,17562,2:15,
2022-04-23,Nashville Predators,2,Tampa Bay Lightning,6,,19092,2:32,
2022-04-24,St. Louis Blues,6,Anaheim Ducks,3,,17446,2:26,
2022-04-24,Edmonton Oilers,2,Columbus Blue Jackets,5,,18120,2:27,
2022-04-24,Tampa Bay Lightning,8,Florida Panthers,4,,17036,2:44,
2022-04-24,Boston Bruins,5,Montreal Canadiens,3,,21105,2:33,
2022-04-24,Detroit Red Wings,3,New Jersey Devils,0,,11492,2:13,
2022-04-24,Minnesota Wild,5,Nashville Predators,4,OT,17160,2:49,
2022-04-24,Carolina Hurricanes,5,New York Islanders,2,,15945,2:20,
2022-04-24,Pittsburgh Penguins,1,Philadelphia Flyers,4,,18601,2:37,
2022-04-24,San Jose Sharks,5,Vegas Golden Knights,4,SO,18367,2:46,
2022-04-24,Colorado Avalanche,1,Winnipeg Jets,4,,14443,2:27,
2022-04-24,Toronto Maple Leafs,4,Washington Capitals,3,SO,18573,2:47,
2022-04-25,Philadelphia Flyers,1,Chicago Blackhawks,3,,18642,2:26,
2022-04-26,Florida Panthers,2,Boston Bruins,4,,17850,2:34,
2022-04-26,St. Louis Blues,3,Colorado Avalanche,5,,18071,2:30,
2022-04-26,Vegas Golden Knights,2,Dallas Stars,3,SO,18532,2:50,
2022-04-26,Arizona Coyotes,5,Minnesota Wild,3,,18383,2:32,
2022-04-26,Calgary Flames,5,Nashville Predators,4,OT,17498,2:50,
2022-04-26,Carolina Hurricanes,4,New York Rangers,3,,17358,2:31,
2022-04-26,New Jersey Devils,4,Ottawa Senators,5,OT,13101,2:38,
2022-04-26,Edmonton Oilers,5,Pittsburgh Penguins,1,,17804,2:26,
2022-04-26,Anaheim Ducks,5,San Jose Sharks,2,,13378,2:26,
2022-04-26,Columbus Blue Jackets,1,Tampa Bay Lightning,4,,19092,2:15,
2022-04-26,Detroit Red Wings,0,Toronto Maple Leafs,3,,18107,2:20,
2022-04-26,Seattle Kraken,2,Vancouver Canucks,5,,18261,2:21,
2022-04-26,New York Islanders,4,Washington Capitals,1,,18573,2:21,
2022-04-27,Vegas Golden Knights,3,Chicago Blackhawks,4,SO,19660,2:35,
2022-04-27,Arizona Coyotes,4,Dallas Stars,3,OT,18025,2:40,
2022-04-27,Montreal Canadiens,4,New York Rangers,3,,16845,2:23,
2022-04-27,Los Angeles Kings,5,Seattle Kraken,3,,17151,2:27,
2022-04-27,Philadelphia Flyers,0,Winnipeg Jets,4,,13383,2:23,
2022-04-28,Buffalo Sabres,0,Boston Bruins,5,,17850,2:32,
2022-04-28,New Jersey Devils,3,Carolina Hurricanes,6,,18040,2:22,
2022-04-28,Tampa Bay Lightning,2,Columbus Blue Jackets,5,,18234,2:29,
2022-04-28,Nashville Predators,5,Colorado Avalanche,4,SO,18011,2:52,
2022-04-28,San Jose Sharks,4,Edmonton Oilers,5,OT,16692,2:29,
2022-04-28,Calgary Flames,2,Minnesota Wild,3,OT,18490,2:25,
2022-04-28,Washington Capitals,1,New York Islanders,5,,16722,2:26,
2022-04-28,Florida Panthers,4,Ottawa Senators,0,,17102,2:14,
2022-04-28,Los Angeles Kings,2,Vancouver Canucks,3,OT,18779,2:25,
2022-04-29,Nashville Predators,4,Arizona Coyotes,5,,15123,2:31,
2022-04-29,Chicago Blackhawks,2,Buffalo Sabres,3,OT,16505,2:20,
2022-04-29,Anaheim Ducks,2,Dallas Stars,4,,18532,2:15,
2022-04-29,Vancouver Canucks,2,Edmonton Oilers,3,SO,18347,2:34,
2022-04-29,Colorado Avalanche,1,Minnesota Wild,4,,19261,2:29,
2022-04-29,Florida Panthers,2,Montreal Canadiens,10,,21105,2:28,
2022-04-29,Detroit Red Wings,5,New Jersey Devils,3,,14597,2:17,
2022-04-29,Tampa Bay Lightning,6,New York Islanders,4,,17255,2:26,
2022-04-29,Washington Capitals,2,New York Rangers,3,,17230,2:28,
2022-04-29,Ottawa Senators,4,Philadelphia Flyers,2,,17575,2:33,
2022-04-29,Columbus Blue Jackets,3,Pittsburgh Penguins,5,,18402,2:29,
2022-04-29,San Jose Sharks,0,Seattle Kraken,3,,17151,2:16,
2022-04-29,Vegas Golden Knights,7,St. Louis Blues,4,,18096,2:23,
2022-04-29,Boston Bruins,2,Toronto Maple Leafs,5,,18219,2:29,
2022-04-29,Calgary Flames,1,Winnipeg Jets,3,,14202,2:21,
2022-05-01,Seattle Kraken,3,Winnipeg Jets,4,,14443,2:10,