date,away_team,away_goals,home_team,home_goals,length_of_game_min,outcome,home_wins
2021-10-12,Pittsburgh Penguins,6.0,Tampa Bay Lightning,2.0,153.0,1,0
2021-10-12,Seattle Kraken,3.0,Vegas Golden Knights,4.0,145.0,0,1
2021-10-13,Winnipeg Jets,1.0,Anaheim Ducks,4.0,149.0,0,1
2021-10-13,Chicago Blackhawks,2.0,Colorado Avalanche,4.0,152.0,0,1
2021-10-13,Vancouver Canucks,2.0,Edmonton Oilers,3.0,162.0,0,1
2021-10-13,Montreal Canadiens,1.0,Toronto Maple Leafs,2.0,153.0,0,1
2021-10-13,New York Rangers,1.0,Washington Capitals,5.0,149.0,0,1
2021-10-14,Montreal Canadiens,1.0,Buffalo Sabres,5.0,146.0,0,1
2021-10-14,New York Islanders,3.0,Carolina Hurricanes,6.0,166.0,0,1
2021-10-14,Arizona Coyotes,2.0,Columbus Blue Jackets,8.0,150.0,0,1
2021-10-14,Tampa Bay Lightning,7.0,Detroit Red Wings,6.0,170.0,1,0
2021-10-14,Pittsburgh Penguins,4.0,Florida Panthers,5.0,160.0,0,1
2021-10-14,Vegas Golden Knights,2.0,Los Angeles Kings,6.0,152.0,0,1
2021-10-14,Seattle Kraken,4.0,Nashville Predators,3.0,156.0,1,0
2021-10-14,Dallas Stars,3.0,New York Rangers,2.0,152.0,1,0
2021-10-14,Toronto Maple Leafs,2.0,Ottawa Senators,3.0,146.0,0,1
2021-10-15,Minnesota Wild,2.0,Anaheim Ducks,1.0,157.0,1,0
2021-10-15,Chicago Blackhawks,3.0,New Jersey Devils,4.0,148.0,0,1
2021-10-15,Vancouver Canucks,5.0,Philadelphia Flyers,4.0,162.0,1,0
2021-10-16,Dallas Stars,1.0,Boston Bruins,3.0,156.0,0,1
2021-10-16,Arizona Coyotes,1.0,Buffalo Sabres,2.0,148.0,0,1
2021-10-16,Seattle Kraken,1.0,Columbus Blue Jackets,2.0,145.0,0,1
2021-10-16,St. Louis Blues,5.0,Colorado Avalanche,3.0,152.0,1,0
2021-10-16,Vancouver Canucks,1.0,Detroit Red Wings,3.0,156.0,0,1
2021-10-16,Calgary Flames,2.0,Edmonton Oilers,5.0,156.0,0,1
2021-10-16,New York Islanders,1.0,Florida Panthers,5.0,154.0,0,1
2021-10-16,Minnesota Wild,3.0,Los Angeles Kings,2.0,146.0,1,0
2021-10-16,New York Rangers,3.0,Montreal Canadiens,1.0,150.0,1,0
2021-10-16,Carolina Hurricanes,3.0,Nashville Predators,2.0,155.0,1,0
2021-10-16,Chicago Blackhawks,2.0,Pittsburgh Penguins,5.0,135.0,0,1
2021-10-16,Winnipeg Jets,3.0,San Jose Sharks,4.0,145.0,0,1
2021-10-16,Ottawa Senators,1.0,Toronto Maple Leafs,3.0,149.0,0,1
2021-10-16,Tampa Bay Lightning,2.0,Washington Capitals,1.0,163.0,1,0
2021-10-17,Dallas Stars,2.0,Ottawa Senators,3.0,147.0,0,1
2021-10-18,St. Louis Blues,7.0,Arizona Coyotes,4.0,147.0,1,0
2021-10-18,Anaheim Ducks,3.0,Calgary Flames,2.0,146.0,1,0
2021-10-18,Seattle Kraken,1.0,Philadelphia Flyers,6.0,150.0,0,1
2021-10-18,New York Rangers,2.0,Toronto Maple Leafs,1.0,148.0,1,0
2021-10-19,Vancouver Canucks,2.0,Buffalo Sabres,5.0,137.0,0,1
2021-10-19,New York Islanders,4.0,Chicago Blackhawks,1.0,146.0,1,0
2021-10-19,Columbus Blue Jackets,1.0,Detroit Red Wings,4.0,148.0,0,1
2021-10-19,Anaheim Ducks,5.0,Edmonton Oilers,6.0,153.0,0,1
2021-10-19,Winnipeg Jets,5.0,Minnesota Wild,6.0,171.0,0,1
2021-10-19,San Jose Sharks,5.0,Montreal Canadiens,0.0,139.0,1,0
2021-10-19,Seattle Kraken,2.0,New Jersey Devils,4.0,164.0,0,1
2021-10-19,Los Angeles Kings,1.0,Nashville Predators,2.0,146.0,0,1
2021-10-19,Dallas Stars,2.0,Pittsburgh Penguins,1.0,148.0,1,0
2021-10-19,Florida Panthers,4.0,Tampa Bay Lightning,1.0,149.0,1,0
2021-10-19,Colorado Avalanche,3.0,Washington Capitals,6.0,152.0,0,1
2021-10-20,Boston Bruins,3.0,Philadelphia Flyers,6.0,146.0,0,1
2021-10-20,St. Louis Blues,3.0,Vegas Golden Knights,1.0,146.0,1,0
2021-10-21,Edmonton Oilers,5.0,Arizona Coyotes,1.0,145.0,1,0
2021-10-21,New York Islanders,2.0,Columbus Blue Jackets,3.0,140.0,0,1
2021-10-21,Vancouver Canucks,4.0,Chicago Blackhawks,1.0,147.0,1,0
2021-10-21,Calgary Flames,3.0,Detroit Red Wings,0.0,137.0,1,0
2021-10-21,Colorado Avalanche,1.0,Florida Panthers,4.0,154.0,0,1
2021-10-21,Carolina Hurricanes,4.0,Montreal Canadiens,1.0,149.0,1,0
2021-10-21,Washington Capitals,4.0,New Jersey Devils,1.0,141.0,1,0
2021-10-21,New York Rangers,3.0,Nashville Predators,1.0,161.0,1,0
2021-10-21,San Jose Sharks,2.0,Ottawa Senators,1.0,148.0,1,0
2021-10-21,Anaheim Ducks,1.0,Winnipeg Jets,5.0,140.0,0,1
2021-10-22,Boston Bruins,4.0,Buffalo Sabres,1.0,136.0,1,0
2021-10-22,Los Angeles Kings,2.0,Dallas Stars,3.0,147.0,0,1
2021-10-22,San Jose Sharks,5.0,Toronto Maple Leafs,3.0,147.0,1,0
2021-10-22,Edmonton Oilers,5.0,Vegas Golden Knights,3.0,153.0,1,0
2021-10-23,New York Islanders,3.0,Arizona Coyotes,0.0,146.0,1,0
2021-10-23,Carolina Hurricanes,5.0,Columbus Blue Jackets,1.0,142.0,1,0
2021-10-23,Anaheim Ducks,3.0,Minnesota Wild,4.0,161.0,0,1
2021-10-23,Detroit Red Wings,1.0,Montreal Canadiens,6.0,141.0,0,1
2021-10-23,Buffalo Sabres,1.0,New Jersey Devils,2.0,149.0,0,1
2021-10-23,New York Rangers,3.0,Ottawa Senators,2.0,146.0,1,0
2021-10-23,Florida Panthers,4.0,Philadelphia Flyers,2.0,151.0,1,0
2021-10-23,Toronto Maple Leafs,1.0,Pittsburgh Penguins,7.0,149.0,0,1
2021-10-23,Vancouver Canucks,4.0,Seattle Kraken,2.0,152.0,1,0
2021-10-23,Los Angeles Kings,3.0,St. Louis Blues,7.0,150.0,0,1
2021-10-23,Colorado Avalanche,4.0,Tampa Bay Lightning,3.0,184.0,1,0
2021-10-23,Nashville Predators,4.0,Winnipeg Jets,6.0,154.0,0,1
2021-10-23,Calgary Flames,4.0,Washington Capitals,3.0,151.0,1,0
2021-10-24,San Jose Sharks,3.0,Boston Bruins,4.0,152.0,0,1
2021-10-24,Detroit Red Wings,6.0,Chicago Blackhawks,3.0,154.0,1,0
2021-10-24,Nashville Predators,5.0,Minnesota Wild,2.0,158.0,1,0
2021-10-24,New York Islanders,2.0,Vegas Golden Knights,0.0,144.0,1,0
2021-10-25,Tampa Bay Lightning,1.0,Buffalo Sabres,5.0,145.0,0,1
2021-10-25,Toronto Maple Leafs,1.0,Carolina Hurricanes,4.0,145.0,0,1
2021-10-25,Dallas Stars,1.0,Columbus Blue Jackets,4.0,144.0,0,1
2021-10-25,Arizona Coyotes,3.0,Florida Panthers,5.0,147.0,0,1
2021-10-25,Calgary Flames,5.0,New York Rangers,1.0,143.0,1,0
2021-10-25,Washington Capitals,7.0,Ottawa Senators,5.0,162.0,1,0
2021-10-25,Los Angeles Kings,0.0,St. Louis Blues,3.0,146.0,0,1
2021-10-26,Winnipeg Jets,4.0,Anaheim Ducks,3.0,144.0,1,0
2021-10-26,Vegas Golden Knights,3.0,Colorado Avalanche,1.0,152.0,1,0
2021-10-26,Calgary Flames,5.0,New Jersey Devils,3.0,153.0,1,0
2021-10-26,San Jose Sharks,1.0,Nashville Predators,3.0,147.0,0,1
2021-10-26,Tampa Bay Lightning,5.0,Pittsburgh Penguins,1.0,148.0,1,0
2021-10-26,Montreal Canadiens,1.0,Seattle Kraken,5.0,140.0,0,1
2021-10-26,Minnesota Wild,3.0,Vancouver Canucks,2.0,148.0,1,0
2021-10-27,Toronto Maple Leafs,3.0,Chicago Blackhawks,2.0,149.0,1,0
2021-10-27,Vegas Golden Knights,3.0,Dallas Stars,2.0,147.0,1,0
2021-10-27,Philadelphia Flyers,5.0,Edmonton Oilers,3.0,144.0,1,0
2021-10-27,Boston Bruins,1.0,Florida Panthers,4.0,146.0,0,1
2021-10-27,Detroit Red Wings,3.0,Washington Capitals,2.0,144.0,1,0
2021-10-28,Buffalo Sabres,4.0,Anaheim Ducks,3.0,145.0,1,0
2021-10-28,Boston Bruins,0.0,Carolina Hurricanes,3.0,151.0,0,1
2021-10-28,Winnipeg Jets,3.0,Los Angeles Kings,2.0,136.0,1,0
2021-10-28,Calgary Flames,4.0,Pittsburgh Penguins,0.0,143.0,1,0
2021-10-28,Minnesota Wild,1.0,Seattle Kraken,4.0,149.0,0,1
2021-10-28,Montreal Canadiens,4.0,San Jose Sharks,0.0,143.0,1,0
2021-10-28,Colorado Avalanche,4.0,St. Louis Blues,3.0,163.0,1,0
2021-10-28,Arizona Coyotes,1.0,Tampa Bay Lightning,5.0,155.0,0,1
2021-10-28,Philadelphia Flyers,2.0,Vancouver Canucks,1.0,139.0,1,0
2021-10-29,Chicago Blackhawks,3.0,Carolina Hurricanes,6.0,150.0,0,1
2021-10-29,Ottawa Senators,4.0,Dallas Stars,1.0,148.0,1,0
2021-10-29,Florida Panthers,3.0,Detroit Red Wings,2.0,148.0,1,0
2021-10-29,Columbus Blue Jackets,0.0,New York Rangers,4.0,144.0,0,1
2021-10-29,Anaheim Ducks,4.0,Vegas Golden Knights,5.0,165.0,0,1
2021-10-29,Arizona Coyotes,0.0,Washington Capitals,2.0,138.0,0,1
2021-10-30,Florida Panthers,2.0,Boston Bruins,3.0,153.0,0,1
2021-10-30,Philadelphia Flyers,0.0,Calgary Flames,4.0,149.0,0,1
2021-10-30,Minnesota Wild,1.0,Colorado Avalanche,4.0,153.0,0,1
2021-10-30,Montreal Canadiens,2.0,Los Angeles Kings,5.0,147.0,0,1
2021-10-30,New York Islanders,2.0,Nashville Predators,3.0,163.0,0,1
2021-10-30,New Jersey Devils,4.0,Pittsburgh Penguins,2.0,148.0,1,0
2021-10-30,Winnipeg Jets,1.0,San Jose Sharks,2.0,142.0,0,1
2021-10-30,Chicago Blackhawks,0.0,St. Louis Blues,1.0,144.0,0,1
2021-10-30,Detroit Red Wings,4.0,Toronto Maple Leafs,5.0,143.0,0,1
2021-10-30,Edmonton Oilers,2.0,Vancouver Canucks,1.0,142.0,1,0
2021-10-31,Montreal Canadiens,2.0,Anaheim Ducks,4.0,143.0,0,1
2021-10-31,Arizona Coyotes,1.0,Carolina Hurricanes,2.0,148.0,0,1
2021-10-31,Buffalo Sabres,2.0,Los Angeles Kings,3.0,139.0,0,1
2021-10-31,Columbus Blue Jackets,4.0,New Jersey Devils,3.0,156.0,1,0
2021-10-31,New York Rangers,3.0,Seattle Kraken,1.0,146.0,1,0
2021-11-01,Ottawa Senators,1.0,Chicago Blackhawks,5.0,138.0,0,1
2021-11-01,Seattle Kraken,2.0,Edmonton Oilers,5.0,138.0,0,1
2021-11-01,Washington Capitals,2.0,Tampa Bay Lightning,3.0,148.0,0,1
2021-11-02,New Jersey Devils,0.0,Anaheim Ducks,4.0,147.0,0,1
2021-11-02,Nashville Predators,3.0,Calgary Flames,2.0,148.0,1,0
2021-11-02,Ottawa Senators,4.0,Minnesota Wild,5.0,163.0,0,1
2021-11-02,Detroit Red Wings,0.0,Montreal Canadiens,3.0,143.0,0,1
2021-11-02,Arizona Coyotes,0.0,Philadelphia Flyers,3.0,144.0,0,1
2021-11-02,Buffalo Sabres,3.0,San Jose Sharks,5.0,139.0,0,1
2021-11-02,Vegas Golden Knights,0.0,Toronto Maple Leafs,4.0,140.0,0,1
2021-11-02,New York Rangers,2.0,Vancouver Canucks,3.0,142.0,0,1
2021-11-02,Dallas Stars,3.0,Winnipeg Jets,4.0,166.0,0,1
2021-11-03,Carolina Hurricanes,4.0,Chicago Blackhawks,3.0,143.0,1,0
2021-11-03,Columbus Blue Jackets,5.0,Colorado Avalanche,4.0,149.0,1,0
2021-11-03,Nashville Predators,2.0,Edmonton Oilers,5.0,148.0,0,1
2021-11-03,St. Louis Blues,2.0,Los Angeles Kings,3.0,161.0,0,1
2021-11-04,Detroit Red Wings,1.0,Boston Bruins,5.0,149.0,0,1
2021-11-04,Dallas Stars,4.0,Calgary Flames,3.0,154.0,1,0
2021-11-04,Washington Capitals,4.0,Florida Panthers,5.0,153.0,0,1
2021-11-04,New York Islanders,6.0,Montreal Canadiens,2.0,148.0,1,0
2021-11-04,Vegas Golden Knights,5.0,Ottawa Senators,1.0,139.0,1,0
2021-11-04,Philadelphia Flyers,2.0,Pittsburgh Penguins,3.0,151.0,0,1
2021-11-04,Buffalo Sabres,2.0,Seattle Kraken,5.0,150.0,0,1
2021-11-04,St. Louis Blues,5.0,San Jose Sharks,3.0,143.0,1,0
2021-11-04,Tampa Bay Lightning,1.0,Toronto Maple Leafs,2.0,151.0,0,1
2021-11-05,Arizona Coyotes,1.0,Anaheim Ducks,3.0,149.0,0,1
2021-11-05,New York Rangers,5.0,Edmonton Oilers,6.0,150.0,0,1
2021-11-05,New Jersey Devils,2.0,Los Angeles Kings,3.0,150.0,0,1
2021-11-05,Nashville Predators,3.0,Vancouver Canucks,2.0,147.0,1,0
2021-11-05,Chicago Blackhawks,1.0,Winnipeg Jets,5.0,141.0,0,1
2021-11-06,Seattle Kraken,4.0,Arizona Coyotes,5.0,146.0,0,1
2021-11-06,Detroit Red Wings,4.0,Buffalo Sabres,3.0,145.0,1,0
2021-11-06,Colorado Avalanche,2.0,Columbus Blue Jackets,4.0,143.0,0,1
2021-11-06,New York Rangers,0.0,Calgary Flames,6.0,145.0,0,1
2021-11-06,Carolina Hurricanes,2.0,Florida Panthers,5.0,151.0,0,1
2021-11-06,Vegas Golden Knights,5.0,Montreal Canadiens,2.0,151.0,1,0
2021-11-06,Tampa Bay Lightning,5.0,Ottawa Senators,3.0,150.0,1,0
2021-11-06,Minnesota Wild,5.0,Pittsburgh Penguins,4.0,166.0,1,0
2021-11-06,New Jersey Devils,3.0,San Jose Sharks,2.0,153.0,1,0
2021-11-06,Boston Bruins,2.0,Toronto Maple Leafs,5.0,150.0,0,1
2021-11-06,New York Islanders,2.0,Winnipeg Jets,0.0,142.0,1,0
2021-11-06,Philadelphia Flyers,2.0,Washington Capitals,1.0,143.0,1,0
2021-11-07,St. Louis Blues,1.0,Anaheim Ducks,4.0,149.0,0,1
2021-11-07,Nashville Predators,1.0,Chicago Blackhawks,2.0,139.0,0,1
2021-11-07,Vegas Golden Knights,2.0,Detroit Red Wings,5.0,144.0,0,1
2021-11-07,New York Islanders,2.0,Minnesota Wild,5.0,137.0,0,1
2021-11-07,Dallas Stars,3.0,Vancouver Canucks,6.0,145.0,0,1
2021-11-08,Florida Panthers,3.0,New York Rangers,4.0,149.0,0,1
2021-11-08,Los Angeles Kings,5.0,Toronto Maple Leafs,1.0,148.0,1,0
2021-11-08,Buffalo Sabres,3.0,Washington Capitals,5.0,144.0,0,1
2021-11-09,Ottawa Senators,2.0,Boston Bruins,3.0,155.0,0,1
2021-11-09,San Jose Sharks,4.0,Calgary Flames,1.0,151.0,1,0
2021-11-09,Pittsburgh Penguins,2.0,Chicago Blackhawks,3.0,161.0,0,1
2021-11-09,Edmonton Oilers,2.0,Detroit Red Wings,4.0,145.0,0,1
2021-11-09,Los Angeles Kings,3.0,Montreal Canadiens,2.0,161.0,1,0
2021-11-09,Florida Panthers,3.0,New Jersey Devils,7.0,147.0,0,1
2021-11-09,Carolina Hurricanes,2.0,Tampa Bay Lightning,1.0,157.0,1,0
2021-11-09,Anaheim Ducks,3.0,Vancouver Canucks,2.0,147.0,1,0
2021-11-09,Seattle Kraken,2.0,Vegas Golden Knights,4.0,146.0,0,1
2021-11-09,St. Louis Blues,3.0,Winnipeg Jets,2.0,154.0,1,0
2021-11-10,Minnesota Wild,5.0,Arizona Coyotes,2.0,143.0,1,0
2021-11-10,Nashville Predators,4.0,Dallas Stars,2.0,142.0,1,0
2021-11-10,Toronto Maple Leafs,3.0,Philadelphia Flyers,0.0,153.0,1,0
2021-11-11,Edmonton Oilers,5.0,Boston Bruins,3.0,145.0,1,0
2021-11-11,Vancouver Canucks,1.0,Colorado Avalanche,7.0,143.0,0,1
2021-11-11,Washington Capitals,2.0,Detroit Red Wings,0.0,145.0,1,0
2021-11-11,Calgary Flames,2.0,Montreal Canadiens,4.0,147.0,0,1
2021-11-11,New York Islanders,0.0,New Jersey Devils,4.0,144.0,0,1
2021-11-11,Los Angeles Kings,2.0,Ottawa Senators,0.0,142.0,1,0
2021-11-11,Florida Panthers,2.0,Pittsburgh Penguins,3.0,159.0,0,1
2021-11-11,Anaheim Ducks,7.0,Seattle Kraken,4.0,146.0,1,0
2021-11-11,Nashville Predators,4.0,St. Louis Blues,3.0,151.0,1,0
2021-11-11,Minnesota Wild,2.0,Vegas Golden Knights,3.0,146.0,0,1
2021-11-11,San Jose Sharks,1.0,Winnipeg Jets,4.0,140.0,0,1
2021-11-12,Edmonton Oilers,2.0,Buffalo Sabres,3.0,154.0,0,1
2021-11-12,Philadelphia Flyers,2.0,Carolina Hurricanes,1.0,156.0,1,0
2021-11-12,Washington Capitals,4.0,Columbus Blue Jackets,3.0,144.0,1,0
2021-11-12,Arizona Coyotes,1.0,Chicago Blackhawks,2.0,152.0,0,1
2021-11-12,Calgary Flames,1.0,Toronto Maple Leafs,2.0,149.0,0,1
2021-11-13,Toronto Maple Leafs,5.0,Buffalo Sabres,4.0,141.0,1,0
2021-11-13,St. Louis Blues,2.0,Carolina Hurricanes,3.0,142.0,0,1
2021-11-13,New York Rangers,5.0,Columbus Blue Jackets,3.0,149.0,1,0
2021-11-13,San Jose Sharks,2.0,Colorado Avalanche,6.0,148.0,0,1
2021-11-13,Philadelphia Flyers,2.0,Dallas Stars,5.0,151.0,0,1
2021-11-13,Montreal Canadiens,2.0,Detroit Red Wings,3.0,159.0,0,1
2021-11-13,Boston Bruins,5.0,New Jersey Devils,2.0,150.0,1,0
2021-11-13,Arizona Coyotes,1.0,Nashville Predators,4.0,149.0,0,1
2021-11-13,Pittsburgh Penguins,3.0,Ottawa Senators,6.0,142.0,0,1
2021-11-13,Minnesota Wild,4.0,Seattle Kraken,2.0,146.0,1,0
2021-11-13,Florida Panthers,2.0,Tampa Bay Lightning,3.0,160.0,0,1
2021-11-13,Vancouver Canucks,4.0,Vegas Golden Knights,7.0,156.0,0,1
2021-11-13,Los Angeles Kings,2.0,Winnipeg Jets,3.0,137.0,0,1
2021-11-14,Vancouver Canucks,1.0,Anaheim Ducks,5.0,141.0,0,1
2021-11-14,Montreal Canadiens,2.0,Boston Bruins,5.0,149.0,0,1
2021-11-14,New Jersey Devils,3.0,New York Rangers,4.0,173.0,0,1
2021-11-14,Calgary Flames,4.0,Ottawa Senators,0.0,147.0,1,0
2021-11-14,Edmonton Oilers,5.0,St. Louis Blues,4.0,152.0,1,0
2021-11-14,Pittsburgh Penguins,1.0,Washington Capitals,6.0,141.0,0,1
2021-11-15,Detroit Red Wings,3.0,Columbus Blue Jackets,5.0,143.0,0,1
2021-11-15,New York Islanders,1.0,Tampa Bay Lightning,4.0,155.0,0,1
2021-11-16,Washington Capitals,2.0,Anaheim Ducks,3.0,150.0,0,1
2021-11-16,Detroit Red Wings,2.0,Dallas Stars,5.0,144.0,0,1
2021-11-16,New York Islanders,1.0,Florida Panthers,6.0,144.0,0,1
2021-11-16,San Jose Sharks,4.0,Minnesota Wild,1.0,143.0,1,0
2021-11-16,Montreal Canadiens,2.0,New York Rangers,3.0,146.0,0,1
2021-11-16,Calgary Flames,1.0,Philadelphia Flyers,2.0,161.0,0,1
2021-11-16,Buffalo Sabres,2.0,Pittsburgh Penguins,1.0,150.0,1,0
2021-11-16,Arizona Coyotes,3.0,St. Louis Blues,2.0,146.0,1,0
2021-11-16,Nashville Predators,0.0,Toronto Maple Leafs,3.0,147.0,0,1
2021-11-16,Carolina Hurricanes,4.0,Vegas Golden Knights,2.0,154.0,1,0
2021-11-16,Edmonton Oilers,2.0,Winnipeg Jets,5.0,148.0,0,1
2021-11-17,Washington Capitals,2.0,Los Angeles Kings,0.0,151.0,1,0
2021-11-17,Chicago Blackhawks,4.0,Seattle Kraken,2.0,142.0,1,0
2021-11-17,Colorado Avalanche,4.0,Vancouver Canucks,2.0,154.0,1,0
2021-11-18,Carolina Hurricanes,2.0,Anaheim Ducks,1.0,147.0,1,0
2021-11-18,Columbus Blue Jackets,5.0,Arizona Coyotes,4.0,159.0,1,0
2021-11-18,Calgary Flames,5.0,Buffalo Sabres,0.0,136.0,1,0
2021-11-18,Winnipeg Jets,1.0,Edmonton Oilers,2.0,162.0,0,1
2021-11-18,New Jersey Devils,1.0,Florida Panthers,4.0,142.0,0,1
2021-11-18,Dallas Stars,2.0,Minnesota Wild,7.0,152.0,0,1
2021-11-18,Pittsburgh Penguins,6.0,Montreal Canadiens,0.0,132.0,1,0
2021-11-18,Tampa Bay Lightning,4.0,Philadelphia Flyers,3.0,156.0,1,0
2021-11-18,San Jose Sharks,1.0,St. Louis Blues,4.0,147.0,0,1
2021-11-18,New York Rangers,1.0,Toronto Maple Leafs,2.0,138.0,0,1
2021-11-18,Detroit Red Wings,2.0,Vegas Golden Knights,5.0,140.0,0,1
2021-11-19,Colorado Avalanche,7.0,Seattle Kraken,3.0,155.0,1,0
2021-11-19,Winnipeg Jets,2.0,Vancouver Canucks,3.0,142.0,0,1
2021-11-20,Detroit Red Wings,1.0,Arizona Coyotes,2.0,140.0,0,1
2021-11-20,St. Louis Blues,1.0,Dallas Stars,4.0,150.0,0,1
2021-11-20,Chicago Blackhawks,2.0,Edmonton Oilers,5.0,141.0,0,1
2021-11-20,Minnesota Wild,4.0,Florida Panthers,5.0,152.0,0,1
2021-11-20,Carolina Hurricanes,5.0,Los Angeles Kings,4.0,138.0,1,0
2021-11-20,Nashville Predators,3.0,Montreal Canadiens,6.0,163.0,0,1
2021-11-20,Calgary Flames,5.0,New York Islanders,2.0,144.0,1,0
2021-11-20,Boston Bruins,5.0,Philadelphia Flyers,2.0,152.0,1,0
2021-11-20,Washington Capitals,4.0,San Jose Sharks,0.0,145.0,1,0
2021-11-20,New Jersey Devils,5.0,Tampa Bay Lightning,3.0,157.0,1,0
2021-11-20,Pittsburgh Penguins,2.0,Toronto Maple Leafs,0.0,137.0,1,0
2021-11-20,Columbus Blue Jackets,2.0,Vegas Golden Knights,3.0,155.0,0,1
2021-11-21,Calgary Flames,4.0,Boston Bruins,0.0,148.0,1,0
2021-11-21,Arizona Coyotes,2.0,Los Angeles Kings,1.0,144.0,1,0
2021-11-21,Toronto Maple Leafs,3.0,New York Islanders,0.0,139.0,1,0
2021-11-21,Buffalo Sabres,4.0,New York Rangers,5.0,141.0,0,1
2021-11-21,Washington Capitals,2.0,Seattle Kraken,5.0,156.0,0,1
2021-11-21,Minnesota Wild,4.0,Tampa Bay Lightning,5.0,171.0,0,1
2021-11-21,Chicago Blackhawks,1.0,Vancouver Canucks,0.0,141.0,1,0
2021-11-22,Columbus Blue Jackets,7.0,Buffalo Sabres,4.0,142.0,1,0
2021-11-22,Ottawa Senators,5.0,Colorado Avalanche,7.0,156.0,0,1
2021-11-22,Anaheim Ducks,2.0,Nashville Predators,3.0,152.0,0,1
2021-11-22,Carolina Hurricanes,1.0,San Jose Sharks,2.0,140.0,0,1
2021-11-22,Vegas Golden Knights,2.0,St. Louis Blues,5.0,146.0,0,1
2021-11-22,Pittsburgh Penguins,3.0,Winnipeg Jets,1.0,139.0,1,0
2021-11-23,Chicago Blackhawks,2.0,Calgary Flames,5.0,140.0,0,1
2021-11-23,Edmonton Oilers,1.0,Dallas Stars,4.0,151.0,0,1
2021-11-23,Philadelphia Flyers,0.0,Tampa Bay Lightning,4.0,150.0,0,1
2021-11-24,Edmonton Oilers,5.0,Arizona Coyotes,3.0,152.0,1,0
2021-11-24,Boston Bruins,5.0,Buffalo Sabres,1.0,143.0,1,0
2021-11-24,Winnipeg Jets,0.0,Columbus Blue Jackets,3.0,147.0,0,1
2021-11-24,Anaheim Ducks,2.0,Colorado Avalanche,5.0,156.0,0,1
2021-11-24,St. Louis Blues,2.0,Detroit Red Wings,4.0,144.0,0,1
2021-11-24,Philadelphia Flyers,1.0,Florida Panthers,2.0,151.0,0,1
2021-11-24,Toronto Maple Leafs,6.0,Los Angeles Kings,2.0,141.0,1,0
2021-11-24,Minnesota Wild,3.0,New Jersey Devils,2.0,152.0,1,0
2021-11-24,Vegas Golden Knights,5.0,Nashville Predators,2.0,157.0,1,0
2021-11-24,New York Rangers,4.0,New York Islanders,1.0,150.0,1,0
2021-11-24,Vancouver Canucks,1.0,Pittsburgh Penguins,4.0,144.0,0,1
2021-11-24,Carolina Hurricanes,1.0,Seattle Kraken,2.0,150.0,0,1
2021-11-24,Ottawa Senators,3.0,San Jose Sharks,6.0,151.0,0,1
2021-11-24,Montreal Canadiens,3.0,Washington Capitals,6.0,149.0,0,1
2021-11-26,Ottawa Senators,0.0,Anaheim Ducks,4.0,141.0,0,1
2021-11-26,New York Rangers,5.0,Boston Bruins,2.0,154.0,1,0
2021-11-26,Montreal Canadiens,1.0,Buffalo Sabres,4.0,140.0,0,1
2021-11-26,Vancouver Canucks,2.0,Columbus Blue Jackets,4.0,140.0,0,1
2021-11-26,St. Louis Blues,2.0,Chicago Blackhawks,3.0,145.0,0,1
2021-11-26,Colorado Avalanche,1.0,Dallas Stars,3.0,143.0,0,1
2021-11-26,Winnipeg Jets,1.0,Minnesota Wild,7.0,141.0,0,1
2021-11-26,New Jersey Devils,2.0,Nashville Predators,4.0,145.0,0,1
2021-11-26,Pittsburgh Penguins,1.0,New York Islanders,0.0,141.0,1,0
2021-11-26,Carolina Hurricanes,6.0,Philadelphia Flyers,3.0,151.0,1,0
2021-11-26,Toronto Maple Leafs,4.0,San Jose Sharks,1.0,137.0,1,0
2021-11-26,Seattle Kraken,0.0,Tampa Bay Lightning,3.0,133.0,0,1
2021-11-26,Florida Panthers,3.0,Washington Capitals,4.0,155.0,0,1
2021-11-27,Dallas Stars,3.0,Arizona Coyotes,2.0,146.0,1,0
2021-11-27,Winnipeg Jets,4.0,Calgary Flames,2.0,144.0,1,0
2021-11-27,Nashville Predators,2.0,Colorado Avalanche,6.0,158.0,0,1
2021-11-27,Buffalo Sabres,2.0,Detroit Red Wings,3.0,147.0,0,1
2021-11-27,Seattle Kraken,4.0,Florida Panthers,1.0,138.0,1,0
2021-11-27,Ottawa Senators,2.0,Los Angeles Kings,4.0,150.0,0,1
2021-11-27,Montreal Canadiens,6.0,Pittsburgh Penguins,3.0,154.0,1,0
2021-11-27,Columbus Blue Jackets,3.0,St. Louis Blues,6.0,143.0,0,1
2021-11-27,Edmonton Oilers,3.0,Vegas Golden Knights,2.0,146.0,1,0
2021-11-28,Toronto Maple Leafs,5.0,Anaheim Ducks,1.0,138.0,1,0
2021-11-28,Vancouver Canucks,2.0,Boston Bruins,3.0,155.0,0,1
2021-11-28,Washington Capitals,4.0,Carolina Hurricanes,2.0,155.0,1,0
2021-11-28,San Jose Sharks,2.0,Chicago Blackhawks,0.0,135.0,1,0
2021-11-28,Tampa Bay Lightning,2.0,Minnesota Wild,4.0,144.0,0,1
2021-11-28,Philadelphia Flyers,2.0,New Jersey Devils,5.0,145.0,0,1
2021-11-29,Seattle Kraken,7.0,Buffalo Sabres,4.0,146.0,1,0
2021-11-29,Pittsburgh Penguins,1.0,Calgary Flames,2.0,163.0,0,1
2021-11-29,Vancouver Canucks,2.0,Montreal Canadiens,1.0,145.0,1,0
2021-11-29,Arizona Coyotes,1.0,Winnipeg Jets,0.0,139.0,1,0
2021-11-30,Detroit Red Wings,2.0,Boston Bruins,1.0,153.0,1,0
2021-11-30,Carolina Hurricanes,1.0,Dallas Stars,4.0,151.0,0,1
2021-11-30,Washington Capitals,4.0,Florida Panthers,5.0,157.0,0,1
2021-11-30,Anaheim Ducks,5.0,Los Angeles Kings,4.0,159.0,1,0
2021-11-30,Arizona Coyotes,2.0,Minnesota Wild,5.0,148.0,0,1
2021-11-30,San Jose Sharks,5.0,New Jersey Devils,2.0,142.0,1,0
2021-11-30,Columbus Blue Jackets,0.0,Nashville Predators,6.0,157.0,0,1
2021-11-30,Tampa Bay Lightning,3.0,St. Louis Blues,4.0,161.0,0,1
2021-12-01,Vegas Golden Knights,5.0,Anaheim Ducks,6.0,159.0,0,1
2021-12-01,Seattle Kraken,3.0,Detroit Red Wings,4.0,158.0,0,1
2021-12-01,Pittsburgh Penguins,2.0,Edmonton Oilers,5.0,149.0,0,1
2021-12-01,Philadelphia Flyers,1.0,New York Rangers,4.0,146.0,0,1
2021-12-01,Vancouver Canucks,6.0,Ottawa Senators,2.0,148.0,1,0
2021-12-01,Colorado Avalanche,3.0,Toronto Maple Leafs,8.0,150.0,0,1
2021-12-02,Ottawa Senators,3.0,Carolina Hurricanes,2.0,158.0,1,0
2021-12-02,Columbus Blue Jackets,2.0,Dallas Stars,3.0,147.0,0,1
2021-12-02,Buffalo Sabres,4.0,Florida Panthers,7.0,148.0,0,1
2021-12-02,Calgary Flames,3.0,Los Angeles Kings,2.0,144.0,1,0
2021-12-02,New Jersey Devils,2.0,Minnesota Wild,5.0,149.0,0,1
2021-12-02,Colorado Avalanche,4.0,Montreal Canadiens,1.0,152.0,1,0
2021-12-02,Boston Bruins,2.0,Nashville Predators,0.0,161.0,1,0
2021-12-02,San Jose Sharks,2.0,New York Islanders,1.0,139.0,1,0
2021-12-02,St. Louis Blues,2.0,Tampa Bay Lightning,4.0,147.0,0,1
2021-12-02,Chicago Blackhawks,4.0,Washington Capitals,3.0,160.0,1,0
2021-12-03,Calgary Flames,4.0,Anaheim Ducks,3.0,158.0,1,0
2021-12-03,Vegas Golden Knights,7.0,Arizona Coyotes,1.0,147.0,1,0
2021-12-03,San Jose Sharks,0.0,New York Rangers,1.0,136.0,0,1
2021-12-03,Edmonton Oilers,3.0,Seattle Kraken,4.0,156.0,0,1
2021-12-03,New Jersey Devils,4.0,Winnipeg Jets,8.0,145.0,0,1
2021-12-04,Tampa Bay Lightning,3.0,Boston Bruins,2.0,153.0,1,0
2021-12-04,Buffalo Sabres,2.0,Carolina Hurricanes,6.0,153.0,0,1
2021-12-04,New York Islanders,3.0,Detroit Red Wings,4.0,152.0,0,1
2021-12-04,St. Louis Blues,3.0,Florida Panthers,4.0,163.0,0,1
2021-12-04,Toronto Maple Leafs,3.0,Minnesota Wild,4.0,167.0,0,1
2021-12-04,Montreal Canadiens,3.0,Nashville Predators,4.0,164.0,0,1
2021-12-04,Chicago Blackhawks,2.0,New York Rangers,3.0,152.0,0,1
2021-12-04,Colorado Avalanche,5.0,Ottawa Senators,6.0,170.0,0,1
2021-12-04,Pittsburgh Penguins,4.0,Vancouver Canucks,1.0,144.0,1,0
2021-12-04,Columbus Blue Jackets,1.0,Washington Capitals,3.0,134.0,0,1
2021-12-05,San Jose Sharks,4.0,Columbus Blue Jackets,6.0,151.0,0,1
2021-12-05,Los Angeles Kings,5.0,Edmonton Oilers,1.0,146.0,1,0
2021-12-05,Chicago Blackhawks,3.0,New York Islanders,2.0,152.0,1,0
2021-12-05,Tampa Bay Lightning,7.0,Philadelphia Flyers,1.0,153.0,1,0
2021-12-05,Calgary Flames,2.0,Vegas Golden Knights,3.0,151.0,0,1
2021-12-05,Toronto Maple Leafs,3.0,Winnipeg Jets,6.0,151.0,0,1
2021-12-06,Arizona Coyotes,1.0,Dallas Stars,4.0,142.0,0,1
2021-12-06,Ottawa Senators,3.0,New Jersey Devils,2.0,157.0,1,0
2021-12-06,Colorado Avalanche,7.0,Philadelphia Flyers,5.0,156.0,1,0
2021-12-06,Pittsburgh Penguins,6.0,Seattle Kraken,1.0,144.0,1,0
2021-12-06,Los Angeles Kings,0.0,Vancouver Canucks,4.0,142.0,0,1
2021-12-06,Anaheim Ducks,3.0,Washington Capitals,4.0,160.0,0,1
2021-12-07,Anaheim Ducks,2.0,Buffalo Sabres,0.0,136.0,1,0
2021-12-07,New York Rangers,6.0,Chicago Blackhawks,2.0,157.0,1,0
2021-12-07,Nashville Predators,5.0,Detroit Red Wings,2.0,148.0,1,0
2021-12-07,Minnesota Wild,4.0,Edmonton Oilers,1.0,141.0,1,0
2021-12-07,Tampa Bay Lightning,3.0,Montreal Canadiens,2.0,143.0,1,0
2021-12-07,New York Islanders,5.0,Ottawa Senators,3.0,142.0,1,0
2021-12-07,Calgary Flames,3.0,San Jose Sharks,5.0,140.0,0,1
2021-12-07,Florida Panthers,3.0,St. Louis Blues,4.0,148.0,0,1
2021-12-07,Columbus Blue Jackets,4.0,Toronto Maple Leafs,5.0,146.0,0,1
2021-12-07,Carolina Hurricanes,4.0,Winnipeg Jets,2.0,148.0,1,0
2021-12-08,Philadelphia Flyers,0.0,New Jersey Devils,3.0,148.0,0,1
2021-12-08,Colorado Avalanche,7.0,New York Rangers,3.0,148.0,1,0
2021-12-08,Boston Bruins,1.0,Vancouver Canucks,2.0,165.0,0,1
2021-12-08,Dallas Stars,4.0,Vegas Golden Knights,5.0,148.0,0,1
2021-12-09,Anaheim Ducks,2.0,Columbus Blue Jackets,1.0,159.0,1,0
2021-12-09,Carolina Hurricanes,2.0,Calgary Flames,1.0,150.0,1,0
2021-12-09,Boston Bruins,3.0,Edmonton Oilers,2.0,152.0,1,0
2021-12-09,Dallas Stars,0.0,Los Angeles Kings,4.0,143.0,0,1
2021-12-09,Chicago Blackhawks,2.0,Montreal Canadiens,0.0,134.0,1,0
2021-12-09,Nashville Predators,4.0,New York Islanders,3.0,149.0,1,0
2021-12-09,Winnipeg Jets,3.0,Seattle Kraken,0.0,145.0,1,0
2021-12-09,Minnesota Wild,5.0,San Jose Sharks,2.0,141.0,1,0
2021-12-09,Detroit Red Wings,2.0,St. Louis Blues,6.0,137.0,0,1
2021-12-09,Tampa Bay Lightning,5.0,Toronto Maple Leafs,3.0,149.0,1,0
2021-12-10,Florida Panthers,3.0,Arizona Coyotes,1.0,144.0,1,0
2021-12-10,New York Rangers,2.0,Buffalo Sabres,1.0,147.0,1,0
2021-12-10,Detroit Red Wings,3.0,Colorado Avalanche,7.0,147.0,0,1
2021-12-10,Nashville Predators,3.0,New Jersey Devils,2.0,149.0,1,0
2021-12-10,Winnipeg Jets,3.0,Vancouver Canucks,4.0,162.0,0,1
2021-12-10,Philadelphia Flyers,4.0,Vegas Golden Knights,3.0,158.0,1,0
2021-12-10,Pittsburgh Penguins,4.0,Washington Capitals,2.0,149.0,1,0
2021-12-11,Philadelphia Flyers,5.0,Arizona Coyotes,3.0,140.0,1,0
2021-12-11,Washington Capitals,3.0,Buffalo Sabres,2.0,158.0,1,0
2021-12-11,Boston Bruins,4.0,Calgary Flames,2.0,160.0,1,0
2021-12-11,Carolina Hurricanes,3.0,Edmonton Oilers,1.0,148.0,1,0
2021-12-11,Minnesota Wild,1.0,Los Angeles Kings,2.0,145.0,0,1
2021-12-11,New Jersey Devils,2.0,New York Islanders,4.0,149.0,0,1
2021-12-11,Tampa Bay Lightning,0.0,Ottawa Senators,4.0,140.0,0,1
2021-12-11,Anaheim Ducks,0.0,Pittsburgh Penguins,1.0,140.0,0,1
2021-12-11,Columbus Blue Jackets,5.0,Seattle Kraken,4.0,149.0,1,0
2021-12-11,Dallas Stars,1.0,San Jose Sharks,2.0,142.0,0,1
2021-12-11,Montreal Canadiens,1.0,St. Louis Blues,4.0,138.0,0,1
2021-12-11,Chicago Blackhawks,4.0,Toronto Maple Leafs,5.0,140.0,0,1
2021-12-12,Florida Panthers,2.0,Colorado Avalanche,3.0,167.0,0,1
2021-12-12,Nashville Predators,1.0,New York Rangers,0.0,137.0,1,0
2021-12-12,Anaheim Ducks,3.0,St. Louis Blues,2.0,141.0,1,0
2021-12-12,Carolina Hurricanes,1.0,Vancouver Canucks,2.0,139.0,0,1
2021-12-12,Minnesota Wild,4.0,Vegas Golden Knights,6.0,151.0,0,1
2021-12-14,Vegas Golden Knights,4.0,Boston Bruins,1.0,144.0,1,0
2021-12-14,New York Rangers,2.0,Colorado Avalanche,4.0,155.0,0,1
2021-12-14,St. Louis Blues,4.0,Dallas Stars,1.0,153.0,1,0
2021-12-14,New York Islanders,1.0,Detroit Red Wings,2.0,143.0,0,1
2021-12-14,Toronto Maple Leafs,5.0,Edmonton Oilers,1.0,138.0,1,0
2021-12-14,Ottawa Senators,8.0,Florida Panthers,2.0,155.0,1,0
2021-12-14,New Jersey Devils,1.0,Philadelphia Flyers,6.0,149.0,0,1
2021-12-14,Montreal Canadiens,2.0,Pittsburgh Penguins,5.0,142.0,0,1
2021-12-14,Seattle Kraken,3.0,San Jose Sharks,1.0,132.0,1,0
2021-12-14,Los Angeles Kings,2.0,Tampa Bay Lightning,3.0,145.0,0,1
2021-12-14,Columbus Blue Jackets,3.0,Vancouver Canucks,4.0,154.0,0,1
2021-12-14,Buffalo Sabres,4.0,Winnipeg Jets,2.0,135.0,1,0
2021-12-15,Seattle Kraken,1.0,Anaheim Ducks,4.0,137.0,0,1
2021-12-15,New York Rangers,3.0,Arizona Coyotes,2.0,145.0,1,0
2021-12-15,Washington Capitals,4.0,Chicago Blackhawks,5.0,150.0,0,1
2021-12-16,Detroit Red Wings,3.0,Carolina Hurricanes,5.0,147.0,0,1
2021-12-16,Columbus Blue Jackets,2.0,Edmonton Oilers,5.0,147.0,0,1
2021-12-16,Los Angeles Kings,4.0,Florida Panthers,1.0,146.0,1,0
2021-12-16,Buffalo Sabres,3.0,Minnesota Wild,2.0,156.0,1,0
2021-12-16,Philadelphia Flyers,2.0,Montreal Canadiens,3.0,154.0,0,1
2021-12-16,Vegas Golden Knights,5.0,New Jersey Devils,3.0,156.0,1,0
2021-12-16,Colorado Avalanche,2.0,Nashville Predators,5.0,148.0,0,1
2021-12-16,Boston Bruins,1.0,New York Islanders,3.0,148.0,0,1
2021-12-16,Vancouver Canucks,5.0,San Jose Sharks,2.0,137.0,1,0
2021-12-16,Ottawa Senators,1.0,Tampa Bay Lightning,2.0,144.0,0,1
2021-12-17,Arizona Coyotes,6.0,Anaheim Ducks,5.0,154.0,1,0
2021-12-17,Nashville Predators,3.0,Chicago Blackhawks,2.0,146.0,1,0
2021-12-17,Vegas Golden Knights,3.0,New York Rangers,2.0,157.0,1,0
2021-12-17,Buffalo Sabres,2.0,Pittsburgh Penguins,3.0,153.0,0,1
2021-12-17,Dallas Stars,1.0,St. Louis Blues,4.0,150.0,0,1
2021-12-17,Washington Capitals,5.0,Winnipeg Jets,2.0,145.0,1,0
2021-12-18,Los Angeles Kings,1.0,Carolina Hurricanes,5.0,143.0,0,1
2021-12-18,Chicago Blackhawks,3.0,Dallas Stars,4.0,160.0,0,1
2021-12-18,New Jersey Devils,2.0,Detroit Red Wings,5.0,147.0,0,1
2021-12-18,Ottawa Senators,3.0,Philadelphia Flyers,4.0,154.0,0,1
2021-12-18,Edmonton Oilers,5.0,Seattle Kraken,3.0,148.0,1,0
2021-12-19,Pittsburgh Penguins,3.0,New Jersey Devils,2.0,142.0,1,0
2021-12-19,Vegas Golden Knights,4.0,New York Islanders,3.0,157.0,1,0
2021-12-19,St. Louis Blues,2.0,Winnipeg Jets,4.0,144.0,0,1
2021-12-19,Los Angeles Kings,3.0,Washington Capitals,2.0,157.0,1,0
2021-12-20,Minnesota Wild,4.0,Dallas Stars,7.0,148.0,0,1
2021-12-21,Tampa Bay Lightning,4.0,Vegas Golden Knights,3.0,151.0,1,0
2021-12-28,Vegas Golden Knights,6.0,Los Angeles Kings,3.0,146.0,1,0
2021-12-28,Arizona Coyotes,7.0,San Jose Sharks,8.0,159.0,0,1
2021-12-28,Montreal Canadiens,4.0,Tampa Bay Lightning,5.0,159.0,0,1
2021-12-29,Vancouver Canucks,2.0,Anaheim Ducks,1.0,148.0,1,0
2021-12-29,New Jersey Devils,4.0,Buffalo Sabres,3.0,133.0,1,0
2021-12-29,New York Rangers,3.0,Florida Panthers,4.0,154.0,0,1
2021-12-29,Philadelphia Flyers,3.0,Seattle Kraken,2.0,151.0,1,0
2021-12-29,Edmonton Oilers,2.0,St. Louis Blues,4.0,141.0,0,1
2021-12-29,Nashville Predators,3.0,Washington Capitals,5.0,162.0,0,1
2021-12-30,Montreal Canadiens,0.0,Carolina Hurricanes,4.0,147.0,0,1
2021-12-30,Nashville Predators,3.0,Columbus Blue Jackets,4.0,168.0,0,1
2021-12-30,Tampa Bay Lightning,3.0,Florida Panthers,9.0,158.0,0,1
2021-12-30,Vancouver Canucks,1.0,Los Angeles Kings,2.0,156.0,0,1
2021-12-30,Buffalo Sabres,1.0,New York Islanders,4.0,142.0,0,1
2021-12-30,Calgary Flames,6.0,Seattle Kraken,4.0,154.0,1,0
2021-12-30,Philadelphia Flyers,2.0,San Jose Sharks,3.0,154.0,0,1
2021-12-31,Washington Capitals,3.0,Detroit Red Wings,1.0,143.0,1,0
2021-12-31,Edmonton Oilers,5.0,New Jersey Devils,6.0,161.0,0,1
2021-12-31,New York Rangers,4.0,Tampa Bay Lightning,3.0,162.0,1,0
2021-12-31,Anaheim Ducks,1.0,Vegas Golden Knights,3.0,152.0,0,1
2022-01-01,Buffalo Sabres,3.0,Boston Bruins,4.0,159.0,0,1
2022-01-01,Carolina Hurricanes,7.0,Columbus Blue Jackets,4.0,149.0,1,0
2022-01-01,Montreal Canadiens,2.0,Florida Panthers,5.0,147.0,0,1
2022-01-01,Philadelphia Flyers,3.0,Los Angeles Kings,6.0,159.0,0,1
2022-01-01,St. Louis Blues,6.0,Minnesota Wild,4.0,162.0,1,0
2022-01-01,Chicago Blackhawks,1.0,Nashville Predators,6.0,148.0,0,1
2022-01-01,Edmonton Oilers,2.0,New York Islanders,3.0,146.0,0,1
2022-01-01,Vancouver Canucks,5.0,Seattle Kraken,2.0,154.0,1,0
2022-01-01,Ottawa Senators,0.0,Toronto Maple Leafs,6.0,142.0,0,1
2022-01-02,Calgary Flames,5.0,Chicago Blackhawks,1.0,141.0,1,0
2022-01-02,Anaheim Ducks,2.0,Colorado Avalanche,4.0,146.0,0,1
2022-01-02,Boston Bruins,5.0,Detroit Red Wings,1.0,149.0,1,0
2022-01-02,Tampa Bay Lightning,0.0,New York Rangers,4.0,149.0,0,1
2022-01-02,San Jose Sharks,5.0,Pittsburgh Penguins,8.0,147.0,0,1
2022-01-02,Winnipeg Jets,5.0,Vegas Golden Knights,4.0,151.0,1,0
2022-01-02,New Jersey Devils,4.0,Washington Capitals,3.0,156.0,1,0
2022-01-03,Edmonton Oilers,1.0,New York Rangers,4.0,144.0,0,1
2022-01-04,Philadelphia Flyers,1.0,Anaheim Ducks,4.0,157.0,0,1
2022-01-04,Winnipeg Jets,3.0,Arizona Coyotes,1.0,138.0,1,0
2022-01-04,New Jersey Devils,3.0,Boston Bruins,5.0,158.0,0,1
2022-01-04,Tampa Bay Lightning,7.0,Columbus Blue Jackets,2.0,145.0,1,0
2022-01-04,Colorado Avalanche,4.0,Chicago Blackhawks,3.0,155.0,1,0
2022-01-04,San Jose Sharks,2.0,Detroit Red Wings,6.0,157.0,0,1
2022-01-04,Calgary Flames,2.0,Florida Panthers,6.0,149.0,0,1
2022-01-04,Nashville Predators,3.0,Vegas Golden Knights,2.0,160.0,1,0
2022-01-05,St. Louis Blues,3.0,Pittsburgh Penguins,5.0,153.0,0,1
2022-01-05,Edmonton Oilers,2.0,Toronto Maple Leafs,4.0,146.0,0,1
2022-01-06,Chicago Blackhawks,4.0,Arizona Coyotes,6.0,153.0,0,1
2022-01-06,Minnesota Wild,3.0,Boston Bruins,2.0,160.0,1,0
2022-01-06,San Jose Sharks,3.0,Buffalo Sabres,2.0,142.0,1,0
2022-01-06,Winnipeg Jets,1.0,Colorado Avalanche,7.0,149.0,0,1
2022-01-06,Florida Panthers,5.0,Dallas Stars,6.0,169.0,0,1
2022-01-06,Nashville Predators,4.0,Los Angeles Kings,2.0,158.0,1,0
2022-01-06,Columbus Blue Jackets,1.0,New Jersey Devils,3.0,140.0,0,1
2022-01-06,Pittsburgh Penguins,6.0,Philadelphia Flyers,2.0,141.0,1,0
2022-01-06,Calgary Flames,1.0,Tampa Bay Lightning,4.0,155.0,0,1
2022-01-06,New York Rangers,1.0,Vegas Golden Knights,5.0,139.0,0,1
2022-01-07,Calgary Flames,3.0,Carolina Hurricanes,6.0,150.0,0,1
2022-01-07,Washington Capitals,1.0,St. Louis Blues,5.0,141.0,0,1
2022-01-08,New York Rangers,4.0,Anaheim Ducks,1.0,148.0,1,0
2022-01-08,Nashville Predators,4.0,Arizona Coyotes,2.0,163.0,1,0
2022-01-08,Florida Panthers,4.0,Carolina Hurricanes,3.0,157.0,1,0
2022-01-08,New Jersey Devils,3.0,Columbus Blue Jackets,4.0,153.0,0,1
2022-01-08,Toronto Maple Leafs,4.0,Colorado Avalanche,5.0,154.0,0,1
2022-01-08,Pittsburgh Penguins,2.0,Dallas Stars,3.0,145.0,0,1
2022-01-08,Detroit Red Wings,0.0,Los Angeles Kings,4.0,149.0,0,1
2022-01-08,Washington Capitals,2.0,Minnesota Wild,3.0,168.0,0,1
2022-01-08,San Jose Sharks,3.0,Philadelphia Flyers,2.0,151.0,1,0
2022-01-08,Boston Bruins,5.0,Tampa Bay Lightning,2.0,152.0,1,0
2022-01-08,Chicago Blackhawks,2.0,Vegas Golden Knights,1.0,139.0,1,0
2022-01-09,Detroit Red Wings,3.0,Anaheim Ducks,4.0,160.0,0,1
2022-01-09,Dallas Stars,1.0,St. Louis Blues,2.0,142.0,0,1
2022-01-10,Seattle Kraken,3.0,Colorado Avalanche,4.0,147.0,0,1
2022-01-10,New York Rangers,1.0,Los Angeles Kings,3.0,138.0,0,1
2022-01-10,Boston Bruins,7.0,Washington Capitals,3.0,159.0,1,0
2022-01-11,Pittsburgh Penguins,4.0,Anaheim Ducks,1.0,146.0,1,0
2022-01-11,Tampa Bay Lightning,6.0,Buffalo Sabres,1.0,138.0,1,0
2022-01-11,Chicago Blackhawks,4.0,Columbus Blue Jackets,2.0,136.0,1,0
2022-01-11,Vancouver Canucks,2.0,Florida Panthers,5.0,154.0,0,1
2022-01-11,Colorado Avalanche,4.0,Nashville Predators,5.0,162.0,0,1
2022-01-11,Detroit Red Wings,2.0,San Jose Sharks,3.0,145.0,0,1
2022-01-11,Toronto Maple Leafs,4.0,Vegas Golden Knights,3.0,158.0,1,0
2022-01-12,Toronto Maple Leafs,1.0,Arizona Coyotes,2.0,139.0,0,1
2022-01-12,Montreal Canadiens,1.0,Boston Bruins,5.0,159.0,0,1
2022-01-12,Seattle Kraken,2.0,Dallas Stars,5.0,149.0,0,1
2022-01-13,Philadelphia Flyers,2.0,Boston Bruins,3.0,156.0,0,1
2022-01-13,Columbus Blue Jackets,6.0,Carolina Hurricanes,0.0,138.0,1,0
2022-01-13,Ottawa Senators,4.0,Calgary Flames,1.0,137.0,1,0
2022-01-13,Montreal Canadiens,2.0,Chicago Blackhawks,3.0,145.0,0,1
2022-01-13,Winnipeg Jets,3.0,Detroit Red Wings,0.0,143.0,1,0
2022-01-13,Pittsburgh Penguins,2.0,Los Angeles Kings,6.0,144.0,0,1
2022-01-13,Buffalo Sabres,4.0,Nashville Predators,1.0,145.0,1,0
2022-01-13,New Jersey Devils,2.0,New York Islanders,3.0,147.0,0,1
2022-01-13,New York Rangers,3.0,San Jose Sharks,0.0,142.0,1,0
2022-01-13,Seattle Kraken,1.0,St. Louis Blues,2.0,139.0,0,1
2022-01-13,Vancouver Canucks,2.0,Tampa Bay Lightning,4.0,149.0,0,1
2022-01-14,Arizona Coyotes,3.0,Colorado Avalanche,4.0,157.0,0,1
2022-01-14,Dallas Stars,1.0,Florida Panthers,7.0,153.0,0,1
2022-01-14,Anaheim Ducks,3.0,Minnesota Wild,7.0,155.0,0,1
2022-01-15,Colorado Avalanche,5.0,Arizona Coyotes,0.0,139.0,1,0
2022-01-15,Nashville Predators,3.0,Boston Bruins,4.0,161.0,0,1
2022-01-15,Vancouver Canucks,1.0,Carolina Hurricanes,4.0,149.0,0,1
2022-01-15,Anaheim Ducks,0.0,Chicago Blackhawks,3.0,137.0,0,1
2022-01-15,Buffalo Sabres,0.0,Detroit Red Wings,4.0,142.0,0,1
2022-01-15,Ottawa Senators,6.0,Edmonton Oilers,4.0,147.0,1,0
2022-01-15,Columbus Blue Jackets,2.0,Florida Panthers,9.0,138.0,0,1
2022-01-15,Washington Capitals,2.0,New York Islanders,0.0,140.0,1,0
2022-01-15,New York Rangers,3.0,Philadelphia Flyers,2.0,131.0,1,0
2022-01-15,Los Angeles Kings,3.0,Seattle Kraken,1.0,141.0,1,0
2022-01-15,Pittsburgh Penguins,2.0,San Jose Sharks,1.0,140.0,1,0
2022-01-15,Toronto Maple Leafs,6.0,St. Louis Blues,5.0,153.0,1,0
2022-01-15,Dallas Stars,1.0,Tampa Bay Lightning,3.0,146.0,0,1
2022-01-16,Vancouver Canucks,4.0,Washington Capitals,2.0,148.0,1,0
2022-01-17,Montreal Canadiens,2.0,Arizona Coyotes,5.0,142.0,0,1
2022-01-17,Detroit Red Wings,3.0,Buffalo Sabres,2.0,146.0,1,0
2022-01-17,Minnesota Wild,3.0,Colorado Avalanche,4.0,171.0,0,1
2022-01-17,Philadelphia Flyers,1.0,New York Islanders,4.0,136.0,0,1
2022-01-17,Chicago Blackhawks,2.0,Seattle Kraken,3.0,157.0,0,1
2022-01-17,Los Angeles Kings,2.0,San Jose Sharks,6.0,141.0,0,1
2022-01-17,Nashville Predators,3.0,St. Louis Blues,5.0,146.0,0,1
2022-01-17,Pittsburgh Penguins,5.0,Vegas Golden Knights,3.0,147.0,1,0
2022-01-18,Carolina Hurricanes,7.0,Boston Bruins,1.0,151.0,1,0
2022-01-18,Florida Panthers,1.0,Calgary Flames,5.0,150.0,0,1
2022-01-18,Montreal Canadiens,5.0,Dallas Stars,3.0,165.0,1,0
2022-01-18,Tampa Bay Lightning,6.0,Los Angeles Kings,4.0,152.0,1,0
2022-01-18,Vancouver Canucks,3.0,Nashville Predators,1.0,146.0,1,0
2022-01-18,Buffalo Sabres,3.0,Ottawa Senators,1.0,146.0,1,0
2022-01-18,New York Islanders,4.0,Philadelphia Flyers,3.0,171.0,1,0
2022-01-18,Winnipeg Jets,3.0,Washington Capitals,4.0,148.0,0,1
2022-01-19,Colorado Avalanche,2.0,Anaheim Ducks,0.0,150.0,1,0
2022-01-19,Arizona Coyotes,4.0,New Jersey Devils,1.0,139.0,1,0
2022-01-19,Toronto Maple Leafs,3.0,New York Rangers,6.0,148.0,0,1
2022-01-20,Washington Capitals,3.0,Boston Bruins,4.0,151.0,0,1
2022-01-20,Dallas Stars,5.0,Buffalo Sabres,4.0,155.0,1,0
2022-01-20,Florida Panthers,6.0,Edmonton Oilers,0.0,139.0,1,0
2022-01-20,Colorado Avalanche,4.0,Los Angeles Kings,1.0,146.0,1,0
2022-01-20,Winnipeg Jets,2.0,Nashville Predators,5.0,155.0,0,1
2022-01-20,Columbus Blue Jackets,2.0,Philadelphia Flyers,1.0,144.0,1,0
2022-01-20,Ottawa Senators,4.0,Pittsburgh Penguins,6.0,159.0,0,1
2022-01-20,San Jose Sharks,2.0,Seattle Kraken,3.0,142.0,0,1
2022-01-20,Montreal Canadiens,3.0,Vegas Golden Knights,4.0,155.0,0,1
2022-01-21,Tampa Bay Lightning,1.0,Anaheim Ducks,5.0,147.0,0,1
2022-01-21,New York Rangers,3.0,Carolina Hurricanes,6.0,147.0,0,1
2022-01-21,Pittsburgh Penguins,5.0,Columbus Blue Jackets,2.0,149.0,1,0
2022-01-21,Minnesota Wild,5.0,Chicago Blackhawks,1.0,137.0,1,0
2022-01-21,Dallas Stars,5.0,Detroit Red Wings,4.0,154.0,1,0
2022-01-21,Arizona Coyotes,0.0,New York Islanders,4.0,141.0,0,1
2022-01-21,St. Louis Blues,5.0,Seattle Kraken,0.0,151.0,1,0
2022-01-21,Florida Panthers,2.0,Vancouver Canucks,1.0,153.0,1,0
2022-01-22,Winnipeg Jets,2.0,Boston Bruins,3.0,142.0,0,1
2022-01-22,Philadelphia Flyers,3.0,Buffalo Sabres,6.0,144.0,0,1
2022-01-22,Montreal Canadiens,2.0,Colorado Avalanche,3.0,156.0,0,1
2022-01-22,Calgary Flames,3.0,Edmonton Oilers,5.0,152.0,0,1
2022-01-22,Chicago Blackhawks,3.0,Minnesota Wild,4.0,163.0,0,1
2022-01-22,Carolina Hurricanes,4.0,New Jersey Devils,7.0,151.0,0,1
2022-01-22,Detroit Red Wings,1.0,Nashville Predators,4.0,146.0,0,1
2022-01-22,Toronto Maple Leafs,3.0,New York Islanders,1.0,135.0,1,0
2022-01-22,Arizona Coyotes,3.0,New York Rangers,7.0,144.0,0,1
2022-01-22,Tampa Bay Lightning,7.0,San Jose Sharks,1.0,143.0,1,0
2022-01-22,Ottawa Senators,2.0,Washington Capitals,3.0,151.0,0,1
2022-01-23,Ottawa Senators,2.0,Columbus Blue Jackets,1.0,138.0,1,0
2022-01-23,Los Angeles Kings,3.0,New Jersey Devils,2.0,146.0,1,0
2022-01-23,Winnipeg Jets,2.0,Pittsburgh Penguins,3.0,163.0,0,1
2022-01-23,Florida Panthers,3.0,Seattle Kraken,5.0,149.0,0,1
2022-01-23,St. Louis Blues,3.0,Vancouver Canucks,1.0,139.0,1,0
2022-01-24,Anaheim Ducks,5.0,Boston Bruins,3.0,152.0,1,0
2022-01-24,St. Louis Blues,1.0,Calgary Flames,7.0,140.0,0,1
2022-01-24,Chicago Blackhawks,0.0,Colorado Avalanche,2.0,143.0,0,1
2022-01-24,Montreal Canadiens,2.0,Minnesota Wild,8.0,152.0,0,1
2022-01-24,Los Angeles Kings,2.0,New York Rangers,3.0,162.0,0,1
2022-01-24,Dallas Stars,3.0,Philadelphia Flyers,1.0,148.0,1,0
2022-01-24,Vegas Golden Knights,1.0,Washington Capitals,0.0,152.0,1,0
2022-01-25,Vegas Golden Knights,3.0,Carolina Hurricanes,4.0,158.0,0,1
2022-01-25,Dallas Stars,5.0,New Jersey Devils,1.0,152.0,1,0
2022-01-25,Philadelphia Flyers,3.0,New York Islanders,4.0,145.0,0,1
2022-01-25,Buffalo Sabres,0.0,Ottawa Senators,5.0,149.0,0,1
2022-01-25,Arizona Coyotes,3.0,Pittsburgh Penguins,6.0,137.0,0,1
2022-01-25,Nashville Predators,4.0,Seattle Kraken,2.0,146.0,1,0
2022-01-25,Edmonton Oilers,3.0,Vancouver Canucks,2.0,147.0,1,0
2022-01-25,Florida Panthers,5.0,Winnipeg Jets,3.0,135.0,1,0
2022-01-26,Calgary Flames,6.0,Columbus Blue Jackets,0.0,148.0,1,0
2022-01-26,Boston Bruins,3.0,Colorado Avalanche,4.0,169.0,0,1
2022-01-26,Chicago Blackhawks,8.0,Detroit Red Wings,5.0,158.0,1,0
2022-01-26,Anaheim Ducks,3.0,Toronto Maple Leafs,4.0,161.0,0,1
2022-01-26,San Jose Sharks,4.0,Washington Capitals,1.0,147.0,1,0
2022-01-27,New York Rangers,3.0,Columbus Blue Jackets,5.0,147.0,0,1
2022-01-27,Nashville Predators,2.0,Edmonton Oilers,3.0,164.0,0,1
2022-01-27,Vegas Golden Knights,1.0,Florida Panthers,4.0,140.0,0,1
2022-01-27,Anaheim Ducks,5.0,Montreal Canadiens,4.0,143.0,1,0
2022-01-27,Los Angeles Kings,3.0,New York Islanders,2.0,143.0,1,0
2022-01-27,Carolina Hurricanes,3.0,Ottawa Senators,2.0,155.0,1,0
2022-01-27,Seattle Kraken,2.0,Pittsburgh Penguins,1.0,140.0,1,0
2022-01-27,Calgary Flames,1.0,St. Louis Blues,5.0,147.0,0,1
2022-01-27,New Jersey Devils,2.0,Tampa Bay Lightning,3.0,143.0,0,1
2022-01-27,Vancouver Canucks,5.0,Winnipeg Jets,1.0,143.0,1,0
2022-01-28,Boston Bruins,2.0,Arizona Coyotes,1.0,151.0,1,0
2022-01-28,Colorado Avalanche,6.0,Chicago Blackhawks,4.0,159.0,1,0
2022-01-28,Washington Capitals,5.0,Dallas Stars,0.0,142.0,1,0
2022-01-28,Minnesota Wild,3.0,New York Rangers,2.0,150.0,1,0
2022-01-28,Detroit Red Wings,3.0,Pittsburgh Penguins,2.0,161.0,1,0
2022-01-29,Buffalo Sabres,3.0,Arizona Coyotes,1.0,136.0,1,0
2022-01-29,New Jersey Devils,1.0,Carolina Hurricanes,2.0,145.0,0,1
2022-01-29,Vancouver Canucks,0.0,Calgary Flames,1.0,152.0,0,1
2022-01-29,Toronto Maple Leafs,7.0,Detroit Red Wings,4.0,149.0,1,0
2022-01-29,San Jose Sharks,4.0,Florida Panthers,5.0,150.0,0,1
2022-01-29,Edmonton Oilers,7.0,Montreal Canadiens,2.0,140.0,1,0
2022-01-29,Anaheim Ducks,2.0,Ottawa Senators,1.0,142.0,1,0
2022-01-29,Los Angeles Kings,3.0,Philadelphia Flyers,4.0,150.0,0,1
2022-01-29,Winnipeg Jets,4.0,St. Louis Blues,1.0,140.0,1,0
2022-01-29,Vegas Golden Knights,3.0,Tampa Bay Lightning,2.0,161.0,1,0
2022-01-30,San Jose Sharks,1.0,Carolina Hurricanes,2.0,149.0,0,1
2022-01-30,Buffalo Sabres,1.0,Colorado Avalanche,4.0,151.0,0,1
2022-01-30,Boston Bruins,1.0,Dallas Stars,6.0,141.0,0,1
2022-01-30,Columbus Blue Jackets,6.0,Montreal Canadiens,3.0,145.0,1,0
2022-01-30,Minnesota Wild,4.0,New York Islanders,3.0,145.0,1,0
2022-01-30,Seattle Kraken,2.0,New York Rangers,3.0,147.0,0,1
2022-01-30,Los Angeles Kings,4.0,Pittsburgh Penguins,3.0,151.0,1,0
2022-01-31,Florida Panthers,8.0,Columbus Blue Jackets,4.0,148.0,1,0
2022-01-31,Vancouver Canucks,3.0,Chicago Blackhawks,1.0,141.0,1,0
2022-01-31,Anaheim Ducks,1.0,Detroit Red Wings,2.0,146.0,0,1
2022-01-31,Edmonton Oilers,2.0,Ottawa Senators,3.0,152.0,0,1
2022-01-31,New Jersey Devils,4.0,Toronto Maple Leafs,6.0,151.0,0,1
2022-02-01,Seattle Kraken,2.0,Boston Bruins,3.0,151.0,0,1
2022-02-01,Arizona Coyotes,3.0,Colorado Avalanche,2.0,159.0,1,0
2022-02-01,Calgary Flames,4.0,Dallas Stars,3.0,143.0,1,0
2022-02-01,Toronto Maple Leafs,7.0,New Jersey Devils,1.0,148.0,1,0
2022-02-01,Vancouver Canucks,2.0,Nashville Predators,4.0,143.0,0,1
2022-02-01,Ottawa Senators,1.0,New York Islanders,4.0,140.0,0,1
2022-02-01,Florida Panthers,2.0,New York Rangers,5.0,150.0,0,1
2022-02-01,Winnipeg Jets,1.0,Philadelphia Flyers,3.0,144.0,0,1
2022-02-01,Washington Capitals,4.0,Pittsburgh Penguins,3.0,163.0,1,0
2022-02-01,San Jose Sharks,2.0,Tampa Bay Lightning,3.0,155.0,0,1
2022-02-01,Buffalo Sabres,2.0,Vegas Golden Knights,5.0,147.0,0,1
2022-02-02,Calgary Flames,4.0,Arizona Coyotes,2.0,143.0,1,0
2022-02-02,Minnesota Wild,5.0,Chicago Blackhawks,0.0,135.0,1,0
2022-02-02,Los Angeles Kings,5.0,Detroit Red Wings,3.0,143.0,1,0
2022-02-02,Seattle Kraken,3.0,New York Islanders,0.0,136.0,1,0
2022-02-02,Edmonton Oilers,5.0,Washington Capitals,3.0,146.0,1,0
2022-02-07,New Jersey Devils,1.0,Ottawa Senators,4.0,132.0,0,1
2022-02-07,Carolina Hurricanes,3.0,Toronto Maple Leafs,4.0,159.0,0,1
2022-02-08,Pittsburgh Penguins,4.0,Boston Bruins,2.0,152.0,1,0
2022-02-08,Vegas Golden Knights,4.0,Edmonton Oilers,0.0,138.0,1,0
2022-02-08,New Jersey Devils,7.0,Montreal Canadiens,1.0,143.0,1,0
2022-02-08,Carolina Hurricanes,3.0,Ottawa Senators,4.0,145.0,0,1
2022-02-08,Arizona Coyotes,1.0,Vancouver Canucks,5.0,141.0,0,1
2022-02-08,Minnesota Wild,0.0,Winnipeg Jets,2.0,143.0,0,1
2022-02-08,Columbus Blue Jackets,5.0,Washington Capitals,4.0,153.0,1,0
2022-02-09,Vegas Golden Knights,0.0,Calgary Flames,6.0,145.0,0,1
2022-02-09,Nashville Predators,3.0,Dallas Stars,4.0,157.0,0,1
2022-02-09,Chicago Blackhawks,4.0,Edmonton Oilers,1.0,142.0,1,0
2022-02-09,Detroit Red Wings,6.0,Philadelphia Flyers,3.0,146.0,1,0
2022-02-09,Arizona Coyotes,5.0,Seattle Kraken,2.0,147.0,1,0
2022-02-09,New York Islanders,6.0,Vancouver Canucks,3.0,138.0,1,0
2022-02-10,Carolina Hurricanes,6.0,Boston Bruins,0.0,163.0,1,0
2022-02-10,Columbus Blue Jackets,4.0,Buffalo Sabres,3.0,143.0,1,0
2022-02-10,Toronto Maple Leafs,2.0,Calgary Flames,5.0,147.0,0,1
2022-02-10,Tampa Bay Lightning,2.0,Colorado Avalanche,3.0,161.0,0,1
2022-02-10,Washington Capitals,5.0,Montreal Canadiens,2.0,148.0,1,0
2022-02-10,Pittsburgh Penguins,2.0,Ottawa Senators,0.0,138.0,1,0
2022-02-10,New Jersey Devils,7.0,St. Louis Blues,4.0,154.0,1,0
2022-02-11,Seattle Kraken,4.0,Anaheim Ducks,3.0,148.0,1,0
2022-02-11,Tampa Bay Lightning,4.0,Arizona Coyotes,3.0,136.0,1,0
2022-02-11,Winnipeg Jets,3.0,Dallas Stars,4.0,154.0,0,1
2022-02-11,New York Islanders,1.0,Edmonton Oilers,3.0,140.0,0,1
2022-02-12,New York Islanders,2.0,Calgary Flames,5.0,148.0,0,1
2022-02-12,Philadelphia Flyers,2.0,Detroit Red Wings,4.0,146.0,0,1
2022-02-12,Carolina Hurricanes,2.0,Minnesota Wild,3.0,153.0,0,1
2022-02-12,Columbus Blue Jackets,2.0,Montreal Canadiens,1.0,148.0,1,0
2022-02-12,Winnipeg Jets,5.0,Nashville Predators,2.0,150.0,1,0
2022-02-12,Boston Bruins,2.0,Ottawa Senators,0.0,148.0,1,0
2022-02-12,Chicago Blackhawks,1.0,St. Louis Blues,5.0,138.0,0,1
2022-02-12,Toronto Maple Leafs,2.0,Vancouver Canucks,3.0,145.0,0,1
2022-02-13,Colorado Avalanche,4.0,Dallas Stars,0.0,140.0,1,0
2022-02-13,Buffalo Sabres,5.0,Montreal Canadiens,3.0,139.0,1,0
2022-02-13,Pittsburgh Penguins,4.0,New Jersey Devils,2.0,136.0,1,0
2022-02-13,Ottawa Senators,4.0,Washington Capitals,1.0,151.0,1,0
2022-02-14,Detroit Red Wings,4.0,Minnesota Wild,7.0,161.0,0,1
2022-02-14,Toronto Maple Leafs,6.0,Seattle Kraken,2.0,150.0,1,0
2022-02-14,Edmonton Oilers,3.0,San Jose Sharks,0.0,138.0,1,0
2022-02-14,Chicago Blackhawks,3.0,Winnipeg Jets,1.0,134.0,1,0
2022-02-15,New York Islanders,3.0,Buffalo Sabres,6.0,145.0,0,1
2022-02-15,Columbus Blue Jackets,2.0,Calgary Flames,6.0,140.0,0,1
2022-02-15,Dallas Stars,4.0,Colorado Avalanche,1.0,160.0,1,0
2022-02-15,Edmonton Oilers,5.0,Los Angeles Kings,2.0,148.0,1,0
2022-02-15,Tampa Bay Lightning,6.0,New Jersey Devils,3.0,153.0,1,0
2022-02-15,Washington Capitals,4.0,Nashville Predators,1.0,151.0,1,0
2022-02-15,Boston Bruins,1.0,New York Rangers,2.0,158.0,0,1
2022-02-15,St. Louis Blues,5.0,Ottawa Senators,2.0,147.0,1,0
2022-02-15,Philadelphia Flyers,4.0,Pittsburgh Penguins,5.0,154.0,0,1
2022-02-16,Florida Panthers,3.0,Carolina Hurricanes,2.0,155.0,1,0
2022-02-16,Anaheim Ducks,2.0,Calgary Flames,6.0,149.0,0,1
2022-02-16,Colorado Avalanche,2.0,Vegas Golden Knights,0.0,148.0,1,0
2022-02-16,Minnesota Wild,3.0,Winnipeg Jets,6.0,143.0,0,1
2022-02-17,Ottawa Senators,3.0,Buffalo Sabres,1.0,142.0,1,0
2022-02-17,Columbus Blue Jackets,7.0,Chicago Blackhawks,4.0,146.0,1,0
2022-02-17,Anaheim Ducks,3.0,Edmonton Oilers,7.0,151.0,0,1
2022-02-17,St. Louis Blues,2.0,Montreal Canadiens,3.0,158.0,0,1
2022-02-17,Boston Bruins,1.0,New York Islanders,4.0,140.0,0,1
2022-02-17,Detroit Red Wings,3.0,New York Rangers,2.0,163.0,1,0
2022-02-17,Washington Capitals,5.0,Philadelphia Flyers,3.0,156.0,1,0
2022-02-17,Vancouver Canucks,5.0,San Jose Sharks,4.0,149.0,1,0
2022-02-17,Pittsburgh Penguins,1.0,Toronto Maple Leafs,4.0,150.0,0,1
2022-02-17,Seattle Kraken,3.0,Winnipeg Jets,5.0,143.0,0,1
2022-02-18,Nashville Predators,3.0,Carolina Hurricanes,5.0,155.0,0,1
2022-02-18,Dallas Stars,1.0,Chicago Blackhawks,0.0,144.0,1,0
2022-02-18,Florida Panthers,6.0,Minnesota Wild,2.0,150.0,1,0
2022-02-18,Los Angeles Kings,4.0,Vegas Golden Knights,3.0,154.0,1,0
2022-02-19,Los Angeles Kings,5.0,Arizona Coyotes,3.0,137.0,1,0
2022-02-19,Colorado Avalanche,5.0,Buffalo Sabres,3.0,138.0,1,0
2022-02-19,Seattle Kraken,1.0,Calgary Flames,2.0,141.0,0,1
2022-02-19,Boston Bruins,3.0,Ottawa Senators,2.0,149.0,1,0
2022-02-19,St. Louis Blues,6.0,Toronto Maple Leafs,3.0,145.0,1,0
2022-02-19,Anaheim Ducks,7.0,Vancouver Canucks,4.0,144.0,1,0
2022-02-19,Edmonton Oilers,4.0,Winnipeg Jets,2.0,146.0,1,0
2022-02-20,Dallas Stars,1.0,Arizona Coyotes,3.0,138.0,0,1
2022-02-20,Buffalo Sabres,3.0,Columbus Blue Jackets,7.0,159.0,0,1
2022-02-20,Florida Panthers,5.0,Chicago Blackhawks,2.0,153.0,1,0
2022-02-20,Minnesota Wild,7.0,Edmonton Oilers,3.0,143.0,1,0
2022-02-20,Montreal Canadiens,3.0,New York Islanders,2.0,148.0,1,0
2022-02-20,New York Rangers,2.0,Ottawa Senators,1.0,139.0,1,0
2022-02-20,Carolina Hurricanes,4.0,Pittsburgh Penguins,3.0,145.0,1,0
2022-02-20,Vegas Golden Knights,4.0,San Jose Sharks,1.0,151.0,1,0
2022-02-21,Colorado Avalanche,1.0,Boston Bruins,5.0,152.0,0,1
2022-02-21,Winnipeg Jets,1.0,Calgary Flames,3.0,142.0,0,1
2022-02-21,Toronto Maple Leafs,2.0,Montreal Canadiens,5.0,149.0,0,1
2022-02-21,Carolina Hurricanes,4.0,Philadelphia Flyers,3.0,161.0,1,0
2022-02-21,Seattle Kraken,2.0,Vancouver Canucks,5.0,150.0,0,1
2022-02-22,San Jose Sharks,3.0,Anaheim Ducks,4.0,164.0,0,1
2022-02-22,Toronto Maple Leafs,3.0,Columbus Blue Jackets,4.0,152.0,0,1
2022-02-22,Nashville Predators,6.0,Florida Panthers,4.0,155.0,1,0
2022-02-22,Minnesota Wild,3.0,Ottawa Senators,4.0,140.0,0,1
2022-02-22,St. Louis Blues,4.0,Philadelphia Flyers,1.0,144.0,1,0
2022-02-22,New York Islanders,5.0,Seattle Kraken,2.0,141.0,1,0
2022-02-23,Los Angeles Kings,3.0,Arizona Coyotes,2.0,139.0,1,0
2022-02-23,Winnipeg Jets,2.0,Dallas Stars,3.0,147.0,0,1
2022-02-23,Colorado Avalanche,5.0,Detroit Red Wings,2.0,149.0,1,0
2022-02-23,Buffalo Sabres,0.0,Montreal Canadiens,4.0,142.0,0,1
2022-02-23,Edmonton Oilers,3.0,Tampa Bay Lightning,5.0,143.0,0,1
2022-02-24,Columbus Blue Jackets,6.0,Florida Panthers,3.0,147.0,1,0
2022-02-24,Dallas Stars,1.0,Nashville Predators,2.0,156.0,0,1
2022-02-24,Washington Capitals,1.0,New York Rangers,4.0,144.0,0,1
2022-02-24,New Jersey Devils,6.0,Pittsburgh Penguins,1.0,142.0,1,0
2022-02-24,Boston Bruins,3.0,Seattle Kraken,2.0,150.0,1,0
2022-02-24,New York Islanders,3.0,San Jose Sharks,4.0,159.0,0,1
2022-02-24,Minnesota Wild,1.0,Toronto Maple Leafs,3.0,145.0,0,1
2022-02-24,Calgary Flames,1.0,Vancouver Canucks,7.0,155.0,0,1
2022-02-25,Los Angeles Kings,4.0,Anaheim Ducks,1.0,145.0,1,0
2022-02-25,Vegas Golden Knights,1.0,Arizona Coyotes,3.0,140.0,0,1
2022-02-25,Columbus Blue Jackets,0.0,Carolina Hurricanes,4.0,148.0,0,1
2022-02-25,New Jersey Devils,5.0,Chicago Blackhawks,8.0,156.0,0,1
2022-02-25,Winnipeg Jets,3.0,Colorado Avalanche,6.0,144.0,0,1
2022-02-25,Buffalo Sabres,3.0,St. Louis Blues,5.0,143.0,0,1
2022-02-26,Minnesota Wild,3.0,Calgary Flames,7.0,160.0,0,1
2022-02-26,Toronto Maple Leafs,10.0,Detroit Red Wings,7.0,147.0,1,0
2022-02-26,Edmonton Oilers,4.0,Florida Panthers,3.0,154.0,1,0
2022-02-26,New York Islanders,2.0,Los Angeles Kings,5.0,148.0,0,1
2022-02-26,Tampa Bay Lightning,3.0,Nashville Predators,2.0,161.0,1,0
2022-02-26,Montreal Canadiens,2.0,Ottawa Senators,1.0,143.0,1,0
2022-02-26,Washington Capitals,1.0,Philadelphia Flyers,2.0,147.0,0,1
2022-02-26,New York Rangers,0.0,Pittsburgh Penguins,1.0,149.0,0,1
2022-02-26,Boston Bruins,3.0,San Jose Sharks,1.0,143.0,1,0
2022-02-26,Colorado Avalanche,3.0,Vegas Golden Knights,2.0,143.0,1,0
2022-02-27,New York Islanders,4.0,Anaheim Ducks,0.0,147.0,1,0
2022-02-27,Winnipeg Jets,5.0,Arizona Coyotes,3.0,139.0,1,0
2022-02-27,Edmonton Oilers,1.0,Carolina Hurricanes,2.0,162.0,0,1
2022-02-27,Pittsburgh Penguins,3.0,Columbus Blue Jackets,2.0,149.0,1,0
2022-02-27,St. Louis Blues,4.0,Chicago Blackhawks,0.0,141.0,1,0
2022-02-27,Buffalo Sabres,2.0,Dallas Stars,4.0,147.0,0,1
2022-02-27,Vancouver Canucks,5.0,New York Rangers,2.0,143.0,1,0
2022-02-27,Seattle Kraken,1.0,San Jose Sharks,3.0,148.0,0,1
2022-02-28,Boston Bruins,7.0,Los Angeles Kings,0.0,155.0,1,0
2022-02-28,Vancouver Canucks,2.0,New Jersey Devils,7.0,148.0,0,1
2022-02-28,Toronto Maple Leafs,5.0,Washington Capitals,3.0,150.0,1,0
2022-03-01,Boston Bruins,3.0,Anaheim Ducks,4.0,152.0,0,1
2022-03-01,New Jersey Devils,3.0,Columbus Blue Jackets,4.0,158.0,0,1
2022-03-01,New York Islanders,3.0,Colorado Avalanche,5.0,143.0,0,1
2022-03-01,Carolina Hurricanes,3.0,Detroit Red Wings,4.0,161.0,0,1
2022-03-01,Calgary Flames,5.0,Minnesota Wild,1.0,149.0,1,0
2022-03-01,Edmonton Oilers,3.0,Philadelphia Flyers,0.0,148.0,1,0
2022-03-01,Ottawa Senators,2.0,Tampa Bay Lightning,5.0,155.0,0,1
2022-03-01,San Jose Sharks,1.0,Vegas Golden Knights,3.0,140.0,0,1
2022-03-01,Montreal Canadiens,4.0,Winnipeg Jets,8.0,155.0,0,1
2022-03-02,Los Angeles Kings,3.0,Dallas Stars,4.0,151.0,0,1
2022-03-02,St. Louis Blues,3.0,New York Rangers,5.0,145.0,0,1
2022-03-02,Nashville Predators,3.0,Seattle Kraken,4.0,148.0,0,1
2022-03-02,Buffalo Sabres,5.0,Toronto Maple Leafs,1.0,139.0,1,0
2022-03-03,Colorado Avalanche,1.0,Arizona Coyotes,2.0,145.0,0,1
2022-03-03,Montreal Canadiens,5.0,Calgary Flames,4.0,153.0,1,0
2022-03-03,Edmonton Oilers,3.0,Chicago Blackhawks,4.0,154.0,0,1
2022-03-03,Ottawa Senators,0.0,Florida Panthers,3.0,156.0,0,1
2022-03-03,Vancouver Canucks,4.0,New York Islanders,3.0,144.0,1,0
2022-03-03,Minnesota Wild,5.0,Philadelphia Flyers,4.0,152.0,1,0
2022-03-03,Pittsburgh Penguins,5.0,Tampa Bay Lightning,1.0,157.0,1,0
2022-03-03,Boston Bruins,5.0,Vegas Golden Knights,2.0,146.0,1,0
2022-03-03,Carolina Hurricanes,0.0,Washington Capitals,4.0,142.0,0,1
2022-03-04,Vegas Golden Knights,5.0,Anaheim Ducks,4.0,151.0,1,0
2022-03-04,Minnesota Wild,4.0,Buffalo Sabres,5.0,149.0,0,1
2022-03-04,Pittsburgh Penguins,2.0,Carolina Hurricanes,3.0,160.0,0,1
2022-03-04,Los Angeles Kings,4.0,Columbus Blue Jackets,3.0,148.0,1,0
2022-03-04,New Jersey Devils,1.0,New York Rangers,3.0,145.0,0,1
2022-03-04,Detroit Red Wings,1.0,Tampa Bay Lightning,3.0,147.0,0,1
2022-03-04,Dallas Stars,4.0,Winnipeg Jets,3.0,154.0,1,0
2022-03-05,Ottawa Senators,5.0,Arizona Coyotes,8.0,147.0,0,1
2022-03-05,Boston Bruins,5.0,Columbus Blue Jackets,4.0,159.0,1,0
2022-03-05,Calgary Flames,4.0,Colorado Avalanche,3.0,153.0,1,0
2022-03-05,Montreal Canadiens,5.0,Edmonton Oilers,2.0,151.0,1,0
2022-03-05,Detroit Red Wings,2.0,Florida Panthers,6.0,141.0,0,1
2022-03-05,St. Louis Blues,1.0,New York Islanders,2.0,150.0,0,1
2022-03-05,Chicago Blackhawks,3.0,Philadelphia Flyers,4.0,158.0,0,1
2022-03-05,Nashville Predators,8.0,San Jose Sharks,0.0,151.0,1,0
2022-03-05,Vancouver Canucks,6.0,Toronto Maple Leafs,4.0,149.0,1,0
2022-03-05,Seattle Kraken,2.0,Washington Capitals,5.0,145.0,0,1
2022-03-06,San Jose Sharks,2.0,Anaheim Ducks,3.0,149.0,0,1
2022-03-06,Los Angeles Kings,3.0,Buffalo Sabres,0.0,152.0,1,0
2022-03-06,Seattle Kraken,2.0,Carolina Hurricanes,3.0,153.0,0,1
2022-03-06,Tampa Bay Lightning,6.0,Chicago Blackhawks,3.0,143.0,1,0
2022-03-06,Dallas Stars,6.0,Minnesota Wild,3.0,162.0,1,0
2022-03-06,St. Louis Blues,2.0,New Jersey Devils,3.0,145.0,0,1
2022-03-06,Ottawa Senators,1.0,Vegas Golden Knights,2.0,151.0,0,1
2022-03-06,New York Rangers,4.0,Winnipeg Jets,1.0,136.0,1,0
2022-03-07,Los Angeles Kings,3.0,Boston Bruins,2.0,163.0,1,0
2022-03-07,Florida Panthers,6.0,Buffalo Sabres,1.0,144.0,1,0
2022-03-07,Toronto Maple Leafs,5.0,Columbus Blue Jackets,4.0,155.0,1,0
2022-03-07,Edmonton Oilers,1.0,Calgary Flames,3.0,151.0,0,1
2022-03-07,Colorado Avalanche,5.0,New York Islanders,4.0,151.0,1,0
2022-03-08,Washington Capitals,5.0,Calgary Flames,4.0,150.0,1,0
2022-03-08,Anaheim Ducks,3.0,Chicago Blackhawks,8.0,145.0,0,1
2022-03-08,Arizona Coyotes,9.0,Detroit Red Wings,2.0,149.0,1,0
2022-03-08,New York Rangers,2.0,Minnesota Wild,5.0,141.0,0,1
2022-03-08,Colorado Avalanche,3.0,New Jersey Devils,5.0,150.0,0,1
2022-03-08,Dallas Stars,1.0,Nashville Predators,2.0,138.0,0,1
2022-03-08,Vegas Golden Knights,1.0,Philadelphia Flyers,2.0,156.0,0,1
2022-03-08,Florida Panthers,4.0,Pittsburgh Penguins,3.0,149.0,1,0
2022-03-08,Ottawa Senators,4.0,St. Louis Blues,1.0,137.0,1,0
2022-03-08,Seattle Kraken,4.0,Toronto Maple Leafs,6.0,150.0,0,1
2022-03-08,Tampa Bay Lightning,4.0,Winnipeg Jets,7.0,138.0,0,1
2022-03-09,Washington Capitals,3.0,Edmonton Oilers,4.0,161.0,0,1
2022-03-09,Montreal Canadiens,3.0,Vancouver Canucks,5.0,146.0,0,1
2022-03-10,Chicago Blackhawks,3.0,Boston Bruins,4.0,151.0,0,1
2022-03-10,Vegas Golden Knights,1.0,Buffalo Sabres,3.0,144.0,0,1
2022-03-10,Colorado Avalanche,0.0,Carolina Hurricanes,2.0,146.0,0,1
2022-03-10,Tampa Bay Lightning,1.0,Calgary Flames,4.0,145.0,0,1
2022-03-10,Minnesota Wild,6.0,Detroit Red Wings,5.0,172.0,1,0
2022-03-10,Philadelphia Flyers,3.0,Florida Panthers,6.0,162.0,0,1
2022-03-10,San Jose Sharks,4.0,Los Angeles Kings,3.0,148.0,1,0
2022-03-10,Winnipeg Jets,2.0,New Jersey Devils,1.0,136.0,1,0
2022-03-10,Anaheim Ducks,1.0,Nashville Predators,4.0,158.0,0,1
2022-03-10,Columbus Blue Jackets,0.0,New York Islanders,6.0,151.0,0,1
2022-03-10,Seattle Kraken,3.0,Ottawa Senators,4.0,149.0,0,1
2022-03-10,New York Rangers,2.0,St. Louis Blues,6.0,144.0,0,1
2022-03-10,Arizona Coyotes,5.0,Toronto Maple Leafs,4.0,146.0,1,0
2022-03-11,Minnesota Wild,2.0,Columbus Blue Jackets,3.0,161.0,0,1
2022-03-11,Winnipeg Jets,2.0,New York Islanders,5.0,147.0,0,1
2022-03-11,Vegas Golden Knights,2.0,Pittsburgh Penguins,5.0,143.0,0,1
2022-03-11,Washington Capitals,4.0,Vancouver Canucks,3.0,153.0,1,0
2022-03-12,Arizona Coyotes,2.0,Boston Bruins,3.0,144.0,0,1
2022-03-12,Philadelphia Flyers,1.0,Carolina Hurricanes,3.0,143.0,0,1
2022-03-12,Detroit Red Wings,0.0,Calgary Flames,3.0,148.0,0,1
2022-03-12,New York Rangers,7.0,Dallas Stars,4.0,147.0,1,0
2022-03-12,Tampa Bay Lightning,1.0,Edmonton Oilers,4.0,159.0,0,1
2022-03-12,Seattle Kraken,4.0,Montreal Canadiens,3.0,171.0,1,0
2022-03-12,Anaheim Ducks,1.0,New Jersey Devils,2.0,150.0,0,1
2022-03-12,St. Louis Blues,7.0,Nashville Predators,4.0,152.0,1,0
2022-03-12,Chicago Blackhawks,6.0,Ottawa Senators,3.0,146.0,1,0
2022-03-12,Los Angeles Kings,0.0,San Jose Sharks,5.0,138.0,0,1
2022-03-13,Toronto Maple Leafs,2.0,Buffalo Sabres,5.0,166.0,0,1
2022-03-13,Vegas Golden Knights,4.0,Columbus Blue Jackets,6.0,153.0,0,1
2022-03-13,Calgary Flames,0.0,Colorado Avalanche,3.0,147.0,0,1
2022-03-13,Florida Panthers,2.0,Los Angeles Kings,3.0,159.0,0,1
2022-03-13,Nashville Predators,6.0,Minnesota Wild,2.0,149.0,1,0
2022-03-13,Anaheim Ducks,3.0,New York Islanders,4.0,150.0,0,1
2022-03-13,Montreal Canadiens,4.0,Philadelphia Flyers,3.0,155.0,1,0
2022-03-13,Carolina Hurricanes,2.0,Pittsburgh Penguins,4.0,158.0,0,1
2022-03-13,Winnipeg Jets,4.0,St. Louis Blues,3.0,148.0,1,0
2022-03-13,Tampa Bay Lightning,2.0,Vancouver Canucks,1.0,148.0,1,0
2022-03-14,Arizona Coyotes,5.0,Ottawa Senators,3.0,142.0,1,0
2022-03-15,Boston Bruins,2.0,Chicago Blackhawks,1.0,154.0,1,0
2022-03-15,Detroit Red Wings,5.0,Edmonton Oilers,7.0,150.0,0,1
2022-03-15,Colorado Avalanche,3.0,Los Angeles Kings,0.0,146.0,1,0
2022-03-15,Arizona Coyotes,6.0,Montreal Canadiens,3.0,146.0,1,0
2022-03-15,Pittsburgh Penguins,1.0,Nashville Predators,4.0,143.0,0,1
2022-03-15,Anaheim Ducks,3.0,New York Rangers,4.0,148.0,0,1
2022-03-15,Florida Panthers,3.0,San Jose Sharks,2.0,153.0,1,0
2022-03-15,Dallas Stars,0.0,Toronto Maple Leafs,4.0,142.0,0,1
2022-03-15,New Jersey Devils,3.0,Vancouver Canucks,6.0,152.0,0,1
2022-03-15,Vegas Golden Knights,3.0,Winnipeg Jets,7.0,145.0,0,1
2022-03-15,New York Islanders,3.0,Washington Capitals,4.0,165.0,0,1
2022-03-16,New Jersey Devils,3.0,Calgary Flames,6.0,146.0,0,1
2022-03-16,Boston Bruins,2.0,Minnesota Wild,4.0,160.0,0,1
2022-03-16,Columbus Blue Jackets,4.0,Ottawa Senators,1.0,143.0,1,0
2022-03-16,Tampa Bay Lightning,4.0,Seattle Kraken,1.0,147.0,1,0
2022-03-17,Washington Capitals,7.0,Columbus Blue Jackets,2.0,156.0,1,0
2022-03-17,Buffalo Sabres,1.0,Edmonton Oilers,6.0,148.0,0,1
2022-03-17,San Jose Sharks,0.0,Los Angeles Kings,3.0,137.0,0,1
2022-03-17,Dallas Stars,4.0,Montreal Canadiens,3.0,161.0,1,0
2022-03-17,New York Islanders,2.0,New York Rangers,1.0,136.0,1,0
2022-03-17,Nashville Predators,4.0,Philadelphia Flyers,5.0,163.0,0,1
2022-03-17,Pittsburgh Penguins,3.0,St. Louis Blues,2.0,163.0,1,0
2022-03-17,Carolina Hurricanes,2.0,Toronto Maple Leafs,3.0,139.0,0,1
2022-03-17,Detroit Red Wings,1.0,Vancouver Canucks,0.0,146.0,1,0
2022-03-17,Florida Panthers,3.0,Vegas Golden Knights,5.0,153.0,0,1
2022-03-18,Florida Panthers,3.0,Anaheim Ducks,0.0,148.0,1,0
2022-03-18,Washington Capitals,4.0,Carolina Hurricanes,3.0,179.0,1,0
2022-03-18,Buffalo Sabres,1.0,Calgary Flames,0.0,143.0,1,0
2022-03-18,Philadelphia Flyers,1.0,Ottawa Senators,3.0,154.0,0,1
2022-03-18,Colorado Avalanche,5.0,San Jose Sharks,3.0,147.0,1,0
2022-03-18,Boston Bruins,4.0,Winnipeg Jets,2.0,150.0,1,0
2022-03-19,Pittsburgh Penguins,4.0,Arizona Coyotes,1.0,139.0,1,0
2022-03-19,St. Louis Blues,4.0,Columbus Blue Jackets,5.0,149.0,0,1
2022-03-19,New Jersey Devils,3.0,Edmonton Oilers,6.0,155.0,0,1
2022-03-19,Chicago Blackhawks,1.0,Minnesota Wild,3.0,146.0,0,1
2022-03-19,Ottawa Senators,1.0,Montreal Canadiens,5.0,149.0,0,1
2022-03-19,Toronto Maple Leafs,3.0,Nashville Predators,6.0,158.0,0,1
2022-03-19,Dallas Stars,2.0,New York Islanders,4.0,146.0,0,1
2022-03-19,Detroit Red Wings,2.0,Seattle Kraken,4.0,150.0,0,1
2022-03-19,New York Rangers,2.0,Tampa Bay Lightning,1.0,154.0,1,0
2022-03-19,Calgary Flames,5.0,Vancouver Canucks,2.0,142.0,1,0
2022-03-19,Los Angeles Kings,1.0,Vegas Golden Knights,5.0,148.0,0,1
2022-03-20,New York Rangers,2.0,Carolina Hurricanes,0.0,143.0,1,0
2022-03-20,Winnipeg Jets,6.0,Chicago Blackhawks,4.0,145.0,1,0
2022-03-20,New York Islanders,1.0,Philadelphia Flyers,2.0,144.0,0,1
2022-03-20,Arizona Coyotes,2.0,San Jose Sharks,4.0,138.0,0,1
2022-03-20,Buffalo Sabres,3.0,Vancouver Canucks,2.0,152.0,1,0
2022-03-20,Dallas Stars,3.0,Washington Capitals,2.0,153.0,1,0
2022-03-21,Nashville Predators,6.0,Anaheim Ducks,3.0,153.0,1,0
2022-03-21,Edmonton Oilers,2.0,Colorado Avalanche,3.0,150.0,0,1
2022-03-21,Vegas Golden Knights,0.0,Minnesota Wild,3.0,140.0,0,1
2022-03-21,Boston Bruins,3.0,Montreal Canadiens,2.0,147.0,1,0
2022-03-22,Seattle Kraken,4.0,Arizona Coyotes,2.0,139.0,1,0
2022-03-22,Tampa Bay Lightning,2.0,Carolina Hurricanes,3.0,161.0,0,1
2022-03-22,San Jose Sharks,4.0,Calgary Flames,3.0,149.0,1,0
2022-03-22,Edmonton Oilers,3.0,Dallas Stars,5.0,148.0,0,1
2022-03-22,Philadelphia Flyers,3.0,Detroit Red Wings,6.0,150.0,0,1
2022-03-22,Nashville Predators,1.0,Los Angeles Kings,6.0,141.0,0,1
2022-03-22,New York Rangers,4.0,New Jersey Devils,7.0,145.0,0,1
2022-03-22,Ottawa Senators,0.0,New York Islanders,3.0,137.0,0,1
2022-03-22,Columbus Blue Jackets,1.0,Pittsburgh Penguins,5.0,141.0,0,1
2022-03-22,Vegas Golden Knights,0.0,Winnipeg Jets,4.0,143.0,0,1
2022-03-22,St. Louis Blues,5.0,Washington Capitals,2.0,138.0,1,0
2022-03-23,Chicago Blackhawks,4.0,Anaheim Ducks,2.0,150.0,1,0
2022-03-23,Pittsburgh Penguins,3.0,Buffalo Sabres,4.0,155.0,0,1
2022-03-23,Vancouver Canucks,3.0,Colorado Avalanche,1.0,141.0,1,0
2022-03-23,New Jersey Devils,2.0,Toronto Maple Leafs,3.0,147.0,0,1
2022-03-24,Tampa Bay Lightning,2.0,Boston Bruins,3.0,159.0,0,1
2022-03-24,Dallas Stars,4.0,Carolina Hurricanes,3.0,161.0,1,0
2022-03-24,San Jose Sharks,2.0,Edmonton Oilers,5.0,150.0,0,1
2022-03-24,Chicago Blackhawks,4.0,Los Angeles Kings,3.0,158.0,1,0
2022-03-24,Vancouver Canucks,2.0,Minnesota Wild,3.0,159.0,0,1
2022-03-24,Florida Panthers,4.0,Montreal Canadiens,3.0,154.0,1,0
2022-03-24,Detroit Red Wings,2.0,New York Islanders,5.0,139.0,0,1
2022-03-24,Philadelphia Flyers,5.0,St. Louis Blues,2.0,139.0,1,0
2022-03-24,Nashville Predators,1.0,Vegas Golden Knights,6.0,162.0,0,1
2022-03-24,Ottawa Senators,5.0,Winnipeg Jets,2.0,144.0,1,0
2022-03-25,Washington Capitals,4.0,Buffalo Sabres,3.0,155.0,1,0
2022-03-25,Arizona Coyotes,2.0,Calgary Flames,4.0,143.0,0,1
2022-03-25,Philadelphia Flyers,3.0,Colorado Avalanche,6.0,153.0,0,1
2022-03-25,Pittsburgh Penguins,1.0,New York Rangers,5.0,140.0,0,1
2022-03-25,Columbus Blue Jackets,3.0,Winnipeg Jets,4.0,150.0,0,1
2022-03-26,New York Islanders,3.0,Boston Bruins,6.0,152.0,0,1
2022-03-26,Edmonton Oilers,5.0,Calgary Flames,9.0,160.0,0,1
2022-03-26,Vancouver Canucks,4.0,Dallas Stars,1.0,156.0,1,0
2022-03-26,Tampa Bay Lightning,2.0,Detroit Red Wings,1.0,164.0,1,0
2022-03-26,Seattle Kraken,2.0,Los Angeles Kings,4.0,140.0,0,1
2022-03-26,Columbus Blue Jackets,2.0,Minnesota Wild,3.0,161.0,0,1
2022-03-26,Toronto Maple Leafs,2.0,Montreal Canadiens,4.0,150.0,0,1
2022-03-26,Florida Panthers,4.0,Ottawa Senators,3.0,174.0,1,0
2022-03-26,Anaheim Ducks,1.0,San Jose Sharks,4.0,139.0,0,1
2022-03-26,Carolina Hurricanes,7.0,St. Louis Blues,2.0,148.0,1,0
2022-03-26,Chicago Blackhawks,4.0,Vegas Golden Knights,5.0,153.0,0,1
2022-03-26,New Jersey Devils,3.0,Washington Capitals,4.0,150.0,0,1
2022-03-27,Colorado Avalanche,2.0,Minnesota Wild,3.0,163.0,0,1
2022-03-27,Montreal Canadiens,2.0,New Jersey Devils,3.0,162.0,0,1
2022-03-27,Philadelphia Flyers,4.0,Nashville Predators,5.0,149.0,0,1
2022-03-27,Tampa Bay Lightning,4.0,New York Islanders,1.0,159.0,1,0
2022-03-27,Buffalo Sabres,4.0,New York Rangers,5.0,145.0,0,1
2022-03-27,Detroit Red Wings,2.0,Pittsburgh Penguins,11.0,154.0,0,1
2022-03-27,Florida Panthers,2.0,Toronto Maple Leafs,5.0,152.0,0,1
2022-03-27,Arizona Coyotes,1.0,Winnipeg Jets,2.0,147.0,0,1
2022-03-28,Buffalo Sabres,6.0,Chicago Blackhawks,5.0,143.0,1,0
2022-03-28,Arizona Coyotes,1.0,Edmonton Oilers,6.0,145.0,0,1
2022-03-28,Seattle Kraken,6.0,Los Angeles Kings,1.0,150.0,1,0
2022-03-28,Vancouver Canucks,1.0,St. Louis Blues,4.0,139.0,0,1
2022-03-28,Carolina Hurricanes,6.0,Washington Capitals,1.0,145.0,1,0
2022-03-29,Dallas Stars,3.0,Anaheim Ducks,2.0,150.0,1,0
2022-03-29,Toronto Maple Leafs,6.0,Boston Bruins,4.0,154.0,1,0
2022-03-29,New York Islanders,4.0,Columbus Blue Jackets,3.0,142.0,1,0
2022-03-29,Colorado Avalanche,2.0,Calgary Flames,1.0,160.0,1,0
2022-03-29,Montreal Canadiens,4.0,Florida Panthers,7.0,159.0,0,1
2022-03-29,Philadelphia Flyers,1.0,Minnesota Wild,4.0,145.0,0,1
2022-03-29,Ottawa Senators,1.0,Nashville Predators,4.0,161.0,0,1
2022-03-29,New York Rangers,3.0,Pittsburgh Penguins,2.0,137.0,1,0
2022-03-29,Carolina Hurricanes,3.0,Tampa Bay Lightning,4.0,157.0,0,1
2022-03-30,San Jose Sharks,2.0,Arizona Coyotes,5.0,143.0,0,1
2022-03-30,Winnipeg Jets,3.0,Buffalo Sabres,2.0,150.0,1,0
2022-03-30,New York Rangers,5.0,Detroit Red Wings,4.0,147.0,1,0
2022-03-30,Los Angeles Kings,3.0,Edmonton Oilers,4.0,158.0,0,1
2022-03-30,Vegas Golden Knights,3.0,Seattle Kraken,0.0,139.0,1,0
2022-03-30,St. Louis Blues,4.0,Vancouver Canucks,3.0,142.0,1,0
2022-03-31,Dallas Stars,3.0,Anaheim Ducks,2.0,150.0,1,0
2022-03-31,New Jersey Devils,1.0,Boston Bruins,8.0,169.0,0,1
2022-03-31,Montreal Canadiens,0.0,Carolina Hurricanes,4.0,150.0,0,1
2022-03-31,Los Angeles Kings,3.0,Calgary Flames,2.0,154.0,1,0
2022-03-31,San Jose Sharks,2.0,Colorado Avalanche,4.0,145.0,0,1
2022-03-31,Chicago Blackhawks,0.0,Florida Panthers,4.0,150.0,0,1
2022-03-31,Pittsburgh Penguins,4.0,Minnesota Wild,3.0,161.0,1,0
2022-03-31,Columbus Blue Jackets,2.0,New York Islanders,5.0,139.0,0,1
2022-03-31,Winnipeg Jets,3.0,Toronto Maple Leafs,7.0,159.0,0,1
2022-04-01,Anaheim Ducks,5.0,Arizona Coyotes,0.0,147.0,1,0
2022-04-01,Nashville Predators,3.0,Buffalo Sabres,4.0,142.0,0,1
2022-04-01,Ottawa Senators,5.0,Detroit Red Wings,2.0,152.0,1,0
2022-04-01,St. Louis Blues,5.0,Edmonton Oilers,6.0,154.0,0,1
2022-04-01,New York Islanders,3.0,New York Rangers,0.0,141.0,1,0
2022-04-01,Vegas Golden Knights,5.0,Seattle Kraken,2.0,149.0,1,0
2022-04-01,Chicago Blackhawks,2.0,Tampa Bay Lightning,5.0,144.0,0,1
2022-04-02,Columbus Blue Jackets,2.0,Boston Bruins,5.0,143.0,0,1
2022-04-02,Minnesota Wild,3.0,Carolina Hurricanes,1.0,155.0,1,0
2022-04-02,St. Louis Blues,6.0,Calgary Flames,4.0,152.0,1,0
2022-04-02,Pittsburgh Penguins,2.0,Colorado Avalanche,3.0,157.0,0,1
2022-04-02,Florida Panthers,7.0,New Jersey Devils,6.0,149.0,1,0
2022-04-02,Toronto Maple Leafs,6.0,Philadelphia Flyers,3.0,144.0,1,0
2022-04-02,Dallas Stars,5.0,San Jose Sharks,4.0,139.0,1,0
2022-04-02,Montreal Canadiens,5.0,Tampa Bay Lightning,4.0,163.0,1,0
2022-04-02,Los Angeles Kings,3.0,Winnipeg Jets,2.0,145.0,1,0
2022-04-03,Edmonton Oilers,6.0,Anaheim Ducks,1.0,150.0,1,0
2022-04-03,Florida Panthers,5.0,Buffalo Sabres,3.0,149.0,1,0
2022-04-03,Arizona Coyotes,3.0,Chicago Blackhawks,2.0,150.0,1,0
2022-04-03,New York Islanders,4.0,New Jersey Devils,3.0,146.0,1,0
2022-04-03,Philadelphia Flyers,4.0,New York Rangers,3.0,160.0,1,0
2022-04-03,Detroit Red Wings,2.0,Ottawa Senators,5.0,147.0,0,1
2022-04-03,Dallas Stars,1.0,Seattle Kraken,4.0,147.0,0,1
2022-04-03,Vegas Golden Knights,3.0,Vancouver Canucks,2.0,147.0,1,0
2022-04-03,Minnesota Wild,5.0,Washington Capitals,1.0,148.0,1,0
2022-04-04,Boston Bruins,3.0,Columbus Blue Jackets,2.0,165.0,1,0
2022-04-04,Calgary Flames,3.0,Los Angeles Kings,2.0,150.0,1,0
2022-04-04,Arizona Coyotes,1.0,St. Louis Blues,5.0,139.0,0,1
2022-04-04,Toronto Maple Leafs,6.0,Tampa Bay Lightning,2.0,151.0,1,0
2022-04-05,Carolina Hurricanes,2.0,Buffalo Sabres,4.0,145.0,0,1
2022-04-05,New York Islanders,2.0,Dallas Stars,3.0,144.0,0,1
2022-04-05,Boston Bruins,3.0,Detroit Red Wings,5.0,155.0,0,1
2022-04-05,Toronto Maple Leafs,6.0,Florida Panthers,7.0,169.0,0,1
2022-04-05,Ottawa Senators,6.0,Montreal Canadiens,3.0,147.0,1,0
2022-04-05,New York Rangers,3.0,New Jersey Devils,1.0,140.0,1,0
2022-04-05,Minnesota Wild,2.0,Nashville Predators,6.0,163.0,0,1
2022-04-05,Columbus Blue Jackets,4.0,Philadelphia Flyers,2.0,144.0,1,0
2022-04-05,Colorado Avalanche,6.0,Pittsburgh Penguins,4.0,151.0,1,0
2022-04-05,Edmonton Oilers,2.0,San Jose Sharks,1.0,140.0,1,0
2022-04-06,Calgary Flames,4.0,Anaheim Ducks,2.0,141.0,1,0
2022-04-06,Seattle Kraken,1.0,St. Louis Blues,4.0,141.0,0,1
2022-04-06,Vancouver Canucks,5.0,Vegas Golden Knights,1.0,140.0,1,0
2022-04-06,Detroit Red Wings,3.0,Winnipeg Jets,1.0,141.0,1,0
2022-04-06,Tampa Bay Lightning,3.0,Washington Capitals,4.0,158.0,0,1
2022-04-07,Vancouver Canucks,5.0,Arizona Coyotes,1.0,134.0,1,0
2022-04-07,Buffalo Sabres,3.0,Carolina Hurricanes,5.0,138.0,0,1
2022-04-07,Philadelphia Flyers,4.0,Columbus Blue Jackets,1.0,131.0,1,0
2022-04-07,Seattle Kraken,2.0,Chicago Blackhawks,0.0,136.0,1,0
2022-04-07,Toronto Maple Leafs,4.0,Dallas Stars,3.0,151.0,1,0
2022-04-07,Edmonton Oilers,3.0,Los Angeles Kings,2.0,141.0,1,0
2022-04-07,Montreal Canadiens,7.0,New Jersey Devils,4.0,144.0,1,0
2022-04-07,Pittsburgh Penguins,0.0,New York Rangers,3.0,144.0,0,1
2022-04-07,Nashville Predators,3.0,Ottawa Senators,2.0,162.0,1,0
2022-04-07,Calgary Flames,4.0,San Jose Sharks,2.0,147.0,1,0
2022-04-08,New York Islanders,2.0,Carolina Hurricanes,1.0,138.0,1,0
2022-04-08,Buffalo Sabres,3.0,Florida Panthers,4.0,140.0,0,1
2022-04-08,Minnesota Wild,3.0,St. Louis Blues,4.0,155.0,0,1
2022-04-08,Boston Bruins,2.0,Tampa Bay Lightning,1.0,154.0,1,0
2022-04-08,Colorado Avalanche,5.0,Winnipeg Jets,4.0,155.0,1,0
2022-04-09,New Jersey Devils,3.0,Dallas Stars,1.0,143.0,1,0
2022-04-09,Columbus Blue Jackets,5.0,Detroit Red Wings,4.0,154.0,1,0
2022-04-09,Colorado Avalanche,2.0,Edmonton Oilers,1.0,157.0,1,0
2022-04-09,Florida Panthers,4.0,Nashville Predators,1.0,150.0,1,0
2022-04-09,Ottawa Senators,1.0,New York Rangers,5.0,146.0,0,1
2022-04-09,Anaheim Ducks,5.0,Philadelphia Flyers,3.0,148.0,1,0
2022-04-09,Washington Capitals,6.0,Pittsburgh Penguins,3.0,159.0,1,0
2022-04-09,Calgary Flames,4.0,Seattle Kraken,1.0,144.0,1,0
2022-04-09,New York Islanders,1.0,St. Louis Blues,6.0,147.0,0,1
2022-04-09,Montreal Canadiens,2.0,Toronto Maple Leafs,3.0,148.0,0,1
2022-04-09,San Jose Sharks,2.0,Vancouver Canucks,4.0,154.0,0,1
2022-04-09,Arizona Coyotes,1.0,Vegas Golden Knights,6.0,143.0,0,1
2022-04-10,Anaheim Ducks,2.0,Carolina Hurricanes,5.0,156.0,0,1
2022-04-10,Dallas Stars,6.0,Chicago Blackhawks,4.0,145.0,1,0
2022-04-10,Los Angeles Kings,3.0,Minnesota Wild,6.0,149.0,0,1
2022-04-10,Winnipeg Jets,4.0,Ottawa Senators,3.0,153.0,1,0
2022-04-10,Nashville Predators,2.0,Pittsburgh Penguins,3.0,155.0,0,1
2022-04-10,Buffalo Sabres,0.0,Tampa Bay Lightning,5.0,142.0,0,1
2022-04-10,Boston Bruins,2.0,Washington Capitals,4.0,159.0,0,1
2022-04-11,Winnipeg Jets,4.0,Montreal Canadiens,2.0,143.0,1,0
2022-04-12,New Jersey Devils,6.0,Arizona Coyotes,2.0,143.0,1,0
2022-04-12,St. Louis Blues,4.0,Boston Bruins,2.0,151.0,1,0
2022-04-12,Seattle Kraken,3.0,Calgary Flames,5.0,148.0,0,1
2022-04-12,Los Angeles Kings,5.0,Chicago Blackhawks,2.0,139.0,1,0
2022-04-12,Tampa Bay Lightning,0.0,Dallas Stars,1.0,148.0,0,1
2022-04-12,Ottawa Senators,4.0,Detroit Red Wings,1.0,144.0,1,0
2022-04-12,Anaheim Ducks,2.0,Florida Panthers,3.0,152.0,0,1
2022-04-12,Edmonton Oilers,1.0,Minnesota Wild,5.0,152.0,0,1
2022-04-12,San Jose Sharks,0.0,Nashville Predators,1.0,158.0,0,1
2022-04-12,Pittsburgh Penguins,4.0,New York Islanders,5.0,160.0,0,1
2022-04-12,Carolina Hurricanes,4.0,New York Rangers,2.0,146.0,1,0
2022-04-12,Buffalo Sabres,5.0,Toronto Maple Leafs,2.0,144.0,1,0
2022-04-12,Vegas Golden Knights,4.0,Vancouver Canucks,5.0,150.0,0,1
2022-04-12,Philadelphia Flyers,2.0,Washington Capitals,9.0,149.0,0,1
2022-04-13,Montreal Canadiens,1.0,Columbus Blue Jackets,5.0,144.0,0,1
2022-04-13,Los Angeles Kings,3.0,Colorado Avalanche,9.0,142.0,0,1
2022-04-13,New York Rangers,4.0,Philadelphia Flyers,0.0,139.0,1,0
2022-04-14,Ottawa Senators,3.0,Boston Bruins,2.0,159.0,1,0
2022-04-14,St. Louis Blues,6.0,Buffalo Sabres,2.0,142.0,1,0
2022-04-14,Detroit Red Wings,3.0,Carolina Hurricanes,0.0,151.0,1,0
2022-04-14,Vegas Golden Knights,6.0,Calgary Flames,1.0,150.0,1,0
2022-04-14,San Jose Sharks,4.0,Chicago Blackhawks,5.0,165.0,0,1
2022-04-14,New Jersey Devils,1.0,Colorado Avalanche,3.0,140.0,0,1
2022-04-14,Minnesota Wild,3.0,Dallas Stars,2.0,151.0,1,0
2022-04-14,Edmonton Oilers,4.0,Nashville Predators,0.0,154.0,1,0
2022-04-14,New York Islanders,3.0,Pittsburgh Penguins,6.0,149.0,0,1
2022-04-14,Anaheim Ducks,3.0,Tampa Bay Lightning,4.0,155.0,0,1
2022-04-14,Washington Capitals,3.0,Toronto Maple Leafs,7.0,150.0,0,1
2022-04-14,Arizona Coyotes,1.0,Vancouver Canucks,7.0,142.0,0,1
2022-04-15,Winnipeg Jets,1.0,Florida Panthers,6.0,147.0,0,1
2022-04-15,New York Islanders,3.0,Montreal Canadiens,0.0,142.0,1,0
2022-04-16,Pittsburgh Penguins,1.0,Boston Bruins,2.0,146.0,0,1
2022-04-16,Philadelphia Flyers,3.0,Buffalo Sabres,4.0,144.0,0,1
2022-04-16,Arizona Coyotes,1.0,Calgary Flames,9.0,146.0,0,1
2022-04-16,Carolina Hurricanes,4.0,Colorado Avalanche,7.0,154.0,0,1
2022-04-16,San Jose Sharks,1.0,Dallas Stars,2.0,142.0,0,1
2022-04-16,Vegas Golden Knights,0.0,Edmonton Oilers,4.0,151.0,0,1
2022-04-16,Columbus Blue Jackets,1.0,Los Angeles Kings,2.0,143.0,0,1
2022-04-16,Washington Capitals,8.0,Montreal Canadiens,4.0,163.0,1,0
2022-04-16,Chicago Blackhawks,3.0,Nashville Predators,4.0,156.0,0,1
2022-04-16,Detroit Red Wings,0.0,New York Rangers,4.0,138.0,0,1
2022-04-16,Toronto Maple Leafs,5.0,Ottawa Senators,4.0,155.0,1,0
2022-04-16,New Jersey Devils,3.0,Seattle Kraken,4.0,160.0,0,1
2022-04-16,Minnesota Wild,5.0,St. Louis Blues,6.0,163.0,0,1
2022-04-16,Winnipeg Jets,4.0,Tampa Bay Lightning,7.0,147.0,0,1
2022-04-17,Columbus Blue Jackets,4.0,Anaheim Ducks,6.0,144.0,0,1
2022-04-17,Florida Panthers,6.0,Detroit Red Wings,1.0,143.0,1,0
2022-04-17,San Jose Sharks,4.0,Minnesota Wild,5.0,148.0,0,1
2022-04-17,St. Louis Blues,8.0,Nashville Predators,3.0,150.0,1,0
2022-04-17,Buffalo Sabres,5.0,Philadelphia Flyers,3.0,148.0,1,0
2022-04-17,New York Islanders,2.0,Toronto Maple Leafs,4.0,149.0,0,1
2022-04-18,Carolina Hurricanes,5.0,Arizona Coyotes,3.0,147.0,1,0
2022-04-18,Calgary Flames,5.0,Chicago Blackhawks,2.0,143.0,1,0
2022-04-18,Washington Capitals,3.0,Colorado Avalanche,2.0,148.0,1,0
2022-04-18,Ottawa Senators,2.0,Seattle Kraken,4.0,151.0,0,1
2022-04-18,Dallas Stars,2.0,Vancouver Canucks,6.0,149.0,0,1
2022-04-18,New Jersey Devils,3.0,Vegas Golden Knights,2.0,144.0,1,0
2022-04-19,Los Angeles Kings,2.0,Anaheim Ducks,1.0,144.0,1,0
2022-04-19,Minnesota Wild,2.0,Montreal Canadiens,0.0,146.0,1,0
2022-04-19,Calgary Flames,2.0,Nashville Predators,3.0,163.0,0,1
2022-04-19,Florida Panthers,3.0,New York Islanders,2.0,148.0,1,0
2022-04-19,Winnipeg Jets,0.0,New York Rangers,3.0,143.0,0,1
2022-04-19,Columbus Blue Jackets,2.0,San Jose Sharks,3.0,138.0,0,1
2022-04-19,Boston Bruins,3.0,St. Louis Blues,2.0,149.0,1,0
2022-04-19,Detroit Red Wings,4.0,Tampa Bay Lightning,3.0,151.0,1,0
2022-04-19,Philadelphia Flyers,2.0,Toronto Maple Leafs,5.0,149.0,0,1
2022-04-19,Ottawa Senators,4.0,Vancouver Canucks,3.0,28.0,1,0
2022-04-20,Chicago Blackhawks,4.0,Arizona Coyotes,3.0,155.0,1,0
2022-04-20,Dallas Stars,2.0,Edmonton Oilers,5.0,147.0,0,1
2022-04-20,Colorado Avalanche,2.0,Seattle Kraken,3.0,137.0,0,1
2022-04-20,Washington Capitals,3.0,Vegas Golden Knights,4.0,158.0,0,1
2022-04-21,Winnipeg Jets,2.0,Carolina Hurricanes,4.0,146.0,0,1
2022-04-21,Dallas Stars,2.0,Calgary Flames,4.0,147.0,0,1
2022-04-21,Detroit Red Wings,2.0,Florida Panthers,5.0,146.0,0,1
2022-04-21,Chicago Blackhawks,1.0,Los Angeles Kings,4.0,137.0,0,1
2022-04-21,Vancouver Canucks,3.0,Minnesota Wild,6.0,148.0,0,1
2022-04-21,Philadelphia Flyers,6.0,Montreal Canadiens,3.0,150.0,1,0
2022-04-21,Buffalo Sabres,5.0,New Jersey Devils,2.0,139.0,1,0
2022-04-21,New York Rangers,6.0,New York Islanders,3.0,136.0,1,0
2022-04-21,Boston Bruins,0.0,Pittsburgh Penguins,4.0,150.0,0,1
2022-04-21,St. Louis Blues,3.0,San Jose Sharks,1.0,135.0,1,0
2022-04-21,Toronto Maple Leafs,1.0,Tampa Bay Lightning,8.0,167.0,0,1
2022-04-22,Washington Capitals,2.0,Arizona Coyotes,0.0,143.0,1,0
2022-04-22,Ottawa Senators,2.0,Columbus Blue Jackets,1.0,160.0,1,0
2022-04-22,Colorado Avalanche,3.0,Edmonton Oilers,6.0,149.0,0,1
2022-04-22,Seattle Kraken,3.0,Minnesota Wild,6.0,146.0,0,1
2022-04-23,St. Louis Blues,5.0,Arizona Coyotes,4.0,143.0,1,0
2022-04-23,New York Rangers,1.0,Boston Bruins,3.0,146.0,0,1
2022-04-23,New York Islanders,3.0,Buffalo Sabres,5.0,141.0,0,1
2022-04-23,Vancouver Canucks,3.0,Calgary Flames,6.0,151.0,0,1
2022-04-23,Seattle Kraken,2.0,Dallas Stars,3.0,149.0,0,1
2022-04-23,Pittsburgh Penguins,7.0,Detroit Red Wings,2.0,146.0,1,0
2022-04-23,Toronto Maple Leafs,2.0,Florida Panthers,3.0,149.0,0,1
2022-04-23,Anaheim Ducks,2.0,Los Angeles Kings,4.0,148.0,0,1
2022-04-23,Carolina Hurricanes,3.0,New Jersey Devils,2.0,147.0,1,0
2022-04-23,Montreal Canadiens,4.0,Ottawa Senators,6.0,157.0,0,1
2022-04-23,Chicago Blackhawks,1.0,San Jose Sharks,4.0,135.0,0,1
2022-04-23,Nashville Predators,2.0,Tampa Bay Lightning,6.0,152.0,0,1
2022-04-24,St. Louis Blues,6.0,Anaheim Ducks,3.0,146.0,1,0
2022-04-24,Edmonton Oilers,2.0,Columbus Blue Jackets,5.0,147.0,0,1
2022-04-24,Tampa Bay Lightning,8.0,Florida Panthers,4.0,164.0,1,0
2022-04-24,Boston Bruins,5.0,Montreal Canadiens,3.0,153.0,1,0
2022-04-24,Detroit Red Wings,3.0,New Jersey Devils,0.0,133.0,1,0
2022-04-24,Minnesota Wild,5.0,Nashville Predators,4.0,169.0,1,0
2022-04-24,Carolina Hurricanes,5.0,New York Islanders,2.0,140.0,1,0
2022-04-24,Pittsburgh Penguins,1.0,Philadelphia Flyers,4.0,157.0,0,1
2022-04-24,San Jose Sharks,5.0,Vegas Golden Knights,4.0,166.0,1,0
2022-04-24,Colorado Avalanche,1.0,Winnipeg Jets,4.0,147.0,0,1
2022-04-24,Toronto Maple Leafs,4.0,Washington Capitals,3.0,167.0,1,0
2022-04-25,Philadelphia Flyers,1.0,Chicago Blackhawks,3.0,146.0,0,1
2022-04-26,Florida Panthers,2.0,Boston Bruins,4.0,154.0,0,1
2022-04-26,St. Louis Blues,3.0,Colorado Avalanche,5.0,150.0,0,1
2022-04-26,Vegas Golden Knights,2.0,Dallas Stars,3.0,170.0,0,1
2022-04-26,Arizona Coyotes,5.0,Minnesota Wild,3.0,152.0,1,0
2022-04-26,Calgary Flames,5.0,Nashville Predators,4.0,170.0,1,0
2022-04-26,Carolina Hurricanes,4.0,New York Rangers,3.0,151.0,1,0
2022-04-26,New Jersey Devils,4.0,Ottawa Senators,5.0,158.0,0,1
2022-04-26,Edmonton Oilers,5.0,Pittsburgh Penguins,1.0,146.0,1,0
2022-04-26,Anaheim Ducks,5.0,San Jose Sharks,2.0,146.0,1,0
2022-04-26,Columbus Blue Jackets,1.0,Tampa Bay Lightning,4.0,135.0,0,1
2022-04-26,Detroit Red Wings,0.0,Toronto Maple Leafs,3.0,140.0,0,1
2022-04-26,Seattle Kraken,2.0,Vancouver Canucks,5.0,141.0,0,1
2022-04-26,New York Islanders,4.0,Washington Capitals,1.0,141.0,1,0
2022-04-27,Vegas Golden Knights,3.0,Chicago Blackhawks,4.0,155.0,0,1
2022-04-27,Arizona Coyotes,4.0,Dallas Stars,3.0,160.0,1,0
2022-04-27,Montreal Canadiens,4.0,New York Rangers,3.0,143.0,1,0
2022-04-27,Los Angeles Kings,5.0,Seattle Kraken,3.0,147.0,1,0
2022-04-27,Philadelphia Flyers,0.0,Winnipeg Jets,4.0,143.0,0,1
2022-04-28,Buffalo Sabres,0.0,Boston Bruins,5.0,152.0,0,1
2022-04-28,New Jersey Devils,3.0,Carolina Hurricanes,6.0,142.0,0,1
2022-04-28,Tampa Bay Lightning,2.0,Columbus Blue Jackets,5.0,149.0,0,1
2022-04-28,Nashville Predators,5.0,Colorado Avalanche,4.0,172.0,1,0
2022-04-28,San Jose Sharks,4.0,Edmonton Oilers,5.0,149.0,0,1
2022-04-28,Calgary Flames,2.0,Minnesota Wild,3.0,145.0,0,1
2022-04-28,Washington Capitals,1.0,New York Islanders,5.0,146.0,0,1
2022-04-28,Florida Panthers,4.0,Ottawa Senators,0.0,134.0,1,0
2022-04-28,Los Angeles Kings,2.0,Vancouver Canucks,3.0,145.0,0,1
2022-04-29,Nashville Predators,4.0,Arizona Coyotes,5.0,151.0,0,1
2022-04-29,Chicago Blackhawks,2.0,Buffalo Sabres,3.0,140.0,0,1
2022-04-29,Anaheim Ducks,2.0,Dallas Stars,4.0,135.0,0,1
2022-04-29,Vancouver Canucks,2.0,Edmonton Oilers,3.0,154.0,0,1
2022-04-29,Colorado Avalanche,1.0,Minnesota Wild,4.0,149.0,0,1
2022-04-29,Florida Panthers,2.0,Montreal Canadiens,10.0,148.0,0,1
2022-04-29,Detroit Red Wings,5.0,New Jersey Devils,3.0,137.0,1,0
2022-04-29,Tampa Bay Lightning,6.0,New York Islanders,4.0,146.0,1,0
2022-04-29,Washington Capitals,2.0,New York Rangers,3.0,148.0,0,1
2022-04-29,Ottawa Senators,4.0,Philadelphia Flyers,2.0,153.0,1,0
2022-04-29,Columbus Blue Jackets,3.0,Pittsburgh Penguins,5.0,149.0,0,1
2022-04-29,San Jose Sharks,0.0,Seattle Kraken,3.0,136.0,0,1
2022-04-29,Vegas Golden Knights,7.0,St. Louis Blues,4.0,143.0,1,0
2022-04-29,Boston Bruins,2.0,Toronto Maple Leafs,5.0,149.0,0,1
2022-04-29,Calgary Flames,1.0,Winnipeg Jets,3.0,141.0,0,1
2022-05-01,Seattle Kraken,3.0,Winnipeg Jets,4.0,130.0,0,1
2022-06-15,Tampa Bay Lightning,3.0213414634146343,Colorado Avalanche,3.268292682926829,148.640243902439,0,1
2022-06-18,Tampa Bay Lightning,3.0213414634146343,Colorado Avalanche,3.268292682926829,148.640243902439,0,1
2022-06-20,Colorado Avalanche,3.0213414634146343,Tampa Bay Lightning,3.268292682926829,148.640243902439,0,1
2022-06-22,Colorado Avalanche,3.0213414634146343,Tampa Bay Lightning,3.268292682926829,148.640243902439,0,1
2022-06-24,Tampa Bay Lightning,3.0213414634146343,Colorado Avalanche,3.268292682926829,148.640243902439,0,1
2022-06-26,Tampa Bay Lightning,3.0213414634146343,Colorado Avalanche,3.268292682926829,148.640243902439,0,1
